{
  "DummyClassifier": {
    "accuracy": 0.95088,
    "f1": 0.0,
    "roc_auc": 0.5,
    "average_precision": 0.04912
  },
  "LogisticRegression": {
    "accuracy": 0.7792,
    "f1": 0.2572658772874058,
    "roc_auc": 0.8418608704517014,
    "average_precision": 0.45700182544850415
  },
  "DecisionTree": {
    "accuracy": 0.87712,
    "f1": 0.36633663366336633,
    "roc_auc": 0.831762766915447,
    "average_precision": 0.3331410067348848
  },
  "RandomForest": {
    "accuracy": 0.96848,
    "f1": 0.5275779376498801,
    "roc_auc": 0.8975514400923869,
    "average_precision": 0.7814376411798056
  },
  "Boosting_HGB": {
    "accuracy": 0.97648,
    "f1": 0.6918238993710691,
    "roc_auc": 0.9050485584825658,
    "average_precision": 0.771248810517634
  }
}