date,open,high,low,close,volume,target,sma_7,sma_30,volatility,momentum_3d
2023-10-21,29669.05,30379.99,29464.77,29909.8,27517.51897,1,28666.198571428573,27469.847666666665,0.030847634150739614,0.056137005649717464
2023-10-22,29909.8,30248.0,29640.0,29992.46,22852.54563,1,29071.671428571426,27583.591666666667,0.020327785541862535,0.04453447499469765
2023-10-23,29992.46,34741.91,29883.6,33069.99,93513.64246,1,29724.41571428571,27800.059333333335,0.16198437874052363,0.11462959367744951
2023-10-24,33069.99,35280.0,32832.34,33922.73,115265.02418,1,30513.961428571427,28055.871,0.07401453704703279,0.13416773097780665
2023-10-25,33922.73,35132.85,33679.05,34496.05,54887.02529,0,31396.254285714287,28328.912333333334,0.042856220593094824,0.1501574062280988
2023-10-26,34496.05,34824.13,33751.0,34151.66,39744.66255,0,32173.104285714286,28593.245333333332,0.0311087791210877,0.03270850701799444
2023-10-27,34151.66,34245.0,33390.95,33892.02,32330.40106,1,32776.387142857144,28843.879666666668,0.02500756917818937,-0.0009052927049210124
2023-10-28,33892.01,34493.33,33860.0,34081.0,16880.13144,1,33372.27285714286,29079.2,0.018686705214591925,-0.012031812337934378
2023-10-29,34081.01,34750.11,33930.0,34525.89,20685.52176,0,34019.90571428572,29333.16433333333,0.024063547412474,0.010957886088113877
2023-10-30,34525.88,34856.0,34062.84,34474.73,33657.95976,1,34220.58285714286,29583.57,0.022972911914193168,0.017193132778748677
2023-10-31,34474.74,34720.49,34025.0,34639.77,32737.89822,1,34323.01714285714,29805.14333333333,0.020173901238994058,0.01639535224905364
2023-11-01,34639.78,35582.0,34097.39,35421.43,53473.28165,0,34455.21428571428,30069.374000000003,0.04285852854723675,0.025938216219770105
2023-11-02,35421.43,35984.99,34300.0,34941.59,48015.57732,0,34568.061428571425,30319.878333333334,0.047569790378310474,0.013542093005514344
2023-11-03,34941.58,34946.5,34120.0,34716.78,39071.20644,1,34685.88428571429,30551.152000000002,0.023653767230903695,0.0022231671861563385
2023-11-04,34716.78,35255.0,34585.18,35062.07,18377.55545,0,34826.037142857145,30806.208,0.019293840039312393,-0.010145270814871155
2023-11-05,35062.06,35380.0,34448.0,35011.88,24528.73376,1,34895.46428571428,31042.234333333334,0.026581438740336423,0.0020116428588397017
2023-11-06,35011.89,35276.33,34725.9,35046.09,22346.47086,1,34977.08714285714,31278.548333333332,0.01572123070191299,0.009485614737311465
2023-11-07,35046.09,35888.0,34523.06,35399.12,38688.73692,1,35085.56571428571,31527.950666666664,0.0389469980816691,0.009612952116061724
2023-11-08,35399.13,36106.0,35100.0,35624.72,33401.34137,1,35114.607142857145,31795.770666666667,0.028418777523628407,0.017503773005048684
2023-11-09,35624.72,37972.24,35534.05,36701.09,82537.88885,1,35365.96428571428,32106.136333333332,0.0684409589745546,0.04722352764602267
2023-11-10,36701.1,37526.0,36324.71,37301.63,43414.04898,0,35735.22857142857,32453.673333333336,0.03273171648806169,0.053744556361852824
2023-11-11,37301.63,37408.26,36666.93,37130.0,22984.97235,0,36030.64714285714,32799.352333333336,0.019873930442181796,0.04225380578429805
2023-11-12,37129.99,37222.22,36731.1,37064.13,17687.18874,0,36323.82571428571,33139.42333333333,0.013227043691635862,0.009891804303360008
2023-11-13,37064.13,37417.99,36333.0,36462.93,32798.18252,0,36526.23142857143,33459.77166666666,0.02927331627641059,-0.022484272135024574
2023-11-14,36462.93,36744.0,34800.0,35551.19,45503.68416,1,36547.955714285716,33739.673,0.05331442097494633,-0.04252114193374623
2023-11-15,35551.2,37980.0,35360.0,37858.2,53569.13385,0,36867.02428571428,34051.587,0.07369652782465852,0.021424217970312576
2023-11-16,37858.2,37929.54,35500.0,36163.51,47490.39566,1,36790.22714285715,34310.507,0.06417473625264807,-0.008211627535143151
2023-11-17,36163.51,36800.0,35861.1,36613.92,38283.61112,0,36691.98285714286,34586.971,0.025962634711066527,0.029892951543956547
2023-11-18,36613.91,36845.49,36178.58,36568.1,17102.24186,1,36611.71142857143,34848.784,0.018214662132506367,-0.03407716161888308
2023-11-19,36568.11,37500.0,36384.02,37359.86,21246.34648,1,36653.95857142857,35105.14466666667,0.03051784738122925,0.03308168924974364
2023-11-20,37359.85,37750.0,36677.0,37448.78,36022.70291,0,36794.794285714284,35356.443999999996,0.028720672058372827,0.022801710387743368
2023-11-21,37448.79,37649.44,35735.0,35741.65,47646.54804,1,36822.00285714286,35548.083666666666,0.051121544915069414,-0.022600299167853888
2023-11-22,35741.65,37861.1,35632.01,37408.34,45051.30697,0,36757.73714285714,35692.69533333333,0.06236673460794329,0.0012976494023262397
2023-11-23,37408.35,37653.44,36870.0,37294.28,23827.92882,1,36919.275714285715,35805.08033333333,0.020942917824496466,-0.004125635067417366
2023-11-24,37294.27,38414.0,37251.51,37713.57,44680.80646,1,37076.36857142857,35912.331,0.031170740170004617,0.05517148760619617
2023-11-25,37713.57,37888.0,37591.1,37780.67,11396.14464,0,37249.59285714286,36033.297999999995,0.007872497883387902,0.009953128099241981
2023-11-26,37780.67,37814.63,37150.0,37447.43,21264.53723,0,37262.102857142854,36151.81166666667,0.017591800251292457,0.004106527864326637
2023-11-27,37447.42,37569.23,36707.0,37242.7,30001.07376,1,37232.66285714286,36257.20166666667,0.023025084238113152,-0.012485426333280092
2023-11-28,37242.7,38377.0,36868.41,37818.87,37544.46667,1,37529.40857142857,36366.96766666666,0.04050699868699092,0.0010110990620337823
2023-11-29,37818.88,38450.0,37570.0,37854.64,32994.19107,0,37593.16571428572,36479.63133333333,0.023268801191362622,0.010874177480270308
2023-11-30,37854.65,38145.85,37500.0,37723.96,24740.29147,1,37654.54857142857,36582.437666666665,0.01706131215055478,0.012922263960454039
2023-12-01,37723.97,38999.0,37615.86,38682.52,43415.66324,1,37792.969999999994,36691.140666666666,0.036664751880568225,0.02283648348033651
2023-12-02,38682.51,39717.14,38641.61,39450.35,26696.92161,1,38031.49571428571,36841.43266666667,0.027804038569368916,0.04215361709951537
2023-12-03,39450.35,40250.0,39274.86,39972.26,26710.65335,1,38392.18571428571,37016.615333333335,0.024718158394031978,0.05959872717498382
2023-12-04,39972.26,42420.0,39972.26,41991.1,79272.33059,1,39070.528571428564,37247.583,0.06123596714321376,0.0855316561589059
2023-12-05,41991.1,44488.0,41414.0,44073.32,67490.74644,0,39964.021428571425,37549.631,0.07320598888812153,0.11718451167099908
2023-12-06,44073.82,44297.21,43335.28,43762.69,51431.10492,0,40808.02857142857,37840.18433333333,0.021825428338183538,0.09482651218620108
2023-12-07,43762.69,44047.33,42821.1,43273.14,47103.26845,1,41600.76857142857,38102.65166666666,0.02801998688837462,0.03053123161812854
2023-12-08,43273.15,44700.0,43081.1,44170.99,42900.37556,0,42384.83571428571,38387.527333333324,0.03741118915540009,0.0022160799322583635
2023-12-09,44171.0,44358.02,43584.51,43713.6,24925.97008,1,42993.87142857143,38621.27766666667,0.017511715831654135,-0.0011217317765430668
2023-12-10,43713.59,44049.0,43563.0,43789.51,18956.61758,0,43539.19285714285,38837.54033333333,0.011117823999355807,0.011932806355166248
2023-12-11,43789.5,43804.5,40222.0,41253.4,76663.89804,1,43433.80714285715,38974.986999999994,0.08181184987268637,-0.06605217587380308
2023-12-12,41253.41,42104.12,40680.0,41492.39,42722.69773,1,43065.102857142854,39122.59566666667,0.03452126745401174,-0.05081279052743304
2023-12-13,41492.38,43475.2,40555.0,42869.03,45865.99773,1,42937.43714285714,39336.132333333335,0.07037918769663243,-0.021020559490161017
2023-12-14,42869.03,43420.0,41400.0,43022.26,42047.05709,0,42901.59714285714,39585.168,0.04712026374284653,0.04287792036535176
2023-12-15,43022.26,43080.81,41666.0,41940.3,33421.7932,1,42582.927142857145,39721.238000000005,0.03288553413976852,0.010794991563513268
2023-12-16,41940.29,42724.43,41605.0,42278.03,24118.85747,0,42377.84571428572,39925.05533333333,0.026691041001385547,-0.013786176174268472
2023-12-17,42278.02,42424.07,41252.0,41374.65,27722.11452,1,42032.86571428571,40083.746333333336,0.02772291606844407,-0.03829668641303363
2023-12-18,41374.64,42757.81,40542.93,42657.8,46734.0925,0,42233.49428571429,40286.736333333334,0.05353230867990628,0.01710765063673847
2023-12-19,42657.8,43497.0,41811.1,42275.99,40927.86444,1,42345.43714285714,40450.60733333333,0.03952149431053644,-4.8252011742300205e-05
2023-12-20,42275.99,44283.0,42206.0,43668.93,48710.2947,1,42459.70857142857,40657.945666666674,0.04912954137797838,0.05545134520775408
2023-12-21,43668.92,44242.35,43286.72,43861.8,34624.29384,1,42579.642857142855,40928.617333333335,0.021883527231724473,0.028224615427893562
2023-12-22,43861.79,44398.26,43412.54,43969.04,32783.19638,0,42869.462857142855,41147.30733333334,0.02247331903235142,0.04004755417909789
2023-12-23,43969.04,43988.68,43291.1,43702.16,16557.1293,0,43072.909999999996,41360.903333333335,0.015865254278919935,0.0007609529246537239
2023-12-24,43702.15,43946.0,42500.0,42991.5,25144.33496,1,43303.88857142858,41536.83433333333,0.03308761697078977,-0.019841866954844578
2023-12-25,42991.5,43802.32,42720.43,43576.13,27021.23992,0,43435.07857142857,41730.01633333333,0.0251652070758173,-0.008936060464363238
2023-12-26,43576.12,43592.68,41637.6,42508.93,41010.04282,1,43468.35571428571,41898.733,0.0448658577220735,-0.027303684760661806
2023-12-27,42508.93,43677.0,42098.69,43428.85,36191.21136,0,43434.05857142858,42104.937999999995,0.037128904444313174,0.010172941162787996
2023-12-28,43428.86,43787.57,42241.79,42563.76,35150.52485,0,43248.624285714286,42263.101,0.03559338191239648,-0.023232214517443284
2023-12-29,42563.76,43111.0,41300.0,42066.95,42597.18912,1,42976.897142857146,42403.51133333333,0.04254793279541093,-0.01039734474615106
2023-12-30,42066.94,42612.32,41520.3,42140.28,22906.57818,1,42753.771428571425,42550.721999999994,0.02595910232595945,-0.029670829414087607
2023-12-31,42140.29,42899.0,41965.84,42283.58,23585.91603,1,42652.64,42670.757333333335,0.022144128576239118,-0.006582595146669368
2024-01-01,42283.58,44184.1,42180.77,44179.55,27174.29903,1,42738.84285714286,42828.39733333334,0.04737843862794971,0.05021994701303534
2024-01-02,44179.55,45879.63,44148.34,44946.91,65146.40661,0,43087.125714285714,42994.219000000005,0.039187587922466405,0.06660207288608433
2024-01-03,44946.91,45500.0,40750.0,42845.23,81194.55173,1,43003.75142857143,43022.689999999995,0.10568023474806165,0.013282933942679431
2024-01-04,42845.23,44729.58,42613.77,44151.1,48038.06334,0,43230.514285714286,43025.282666666666,0.04938262672414186,-0.0006439631005749069
2024-01-05,44151.1,44357.46,42450.0,44145.11,48075.25327,0,43527.39428571429,43038.03,0.04320300060474143,-0.017838823625472844
2024-01-06,44145.12,44214.42,43397.05,43968.32,17835.06144,0,43788.542857142864,43061.20266666667,0.01851552334663481,0.026212719595623435
2024-01-07,43968.32,44480.59,43572.09,43929.02,23023.8508,1,44023.60571428571,43053.137,0.02066260434785773,-0.0050299992525667525
2024-01-08,43929.01,47248.99,43175.0,46951.04,72814.57589,0,44419.53285714286,43161.051666666666,0.09274030987723142,0.06356151338166338
2024-01-09,46951.04,47972.0,44748.67,46110.0,69927.66617,1,44585.688571428575,43238.401333333335,0.06865300534343864,0.04870961637833782
2024-01-10,46110.0,47695.93,44300.36,46653.99,89911.41203,0,45129.79714285715,43418.421,0.07364064194317935,0.062031203974047155
2024-01-11,46654.0,48969.48,45606.06,46339.16,87470.3296,0,45442.377142857134,43579.979999999996,0.07209285377459608,-0.013032299178037277
2024-01-12,46339.16,46515.53,41500.0,42782.73,86327.93707,1,45247.75142857143,43577.103333333325,0.10823523775571241,-0.07215940143135968
2024-01-13,42782.74,43257.0,42436.12,42847.99,36118.47464,0,45087.70428571429,43571.29433333333,0.019187176884883892,-0.08157930329217289
2024-01-14,42847.99,43079.0,41720.0,41732.35,28228.40894,1,44773.89428571429,43564.36266666666,0.03171677364562492,-0.09941505197763634
2024-01-15,41732.35,43400.43,41718.05,42511.1,40269.89303,1,44139.61714285713,43572.131666666675,0.040313569688742605,-0.0063490572013521485
2024-01-16,42511.1,43578.01,42050.0,43137.95,45045.74589,0,43715.038571428566,43630.90833333333,0.03594378879869027,0.006767178577104849
2024-01-17,43137.94,43198.0,42200.69,42776.1,33266.21388,0,43161.05428571429,43634.85166666666,0.02311909191769467,0.025010573332199026
2024-01-18,42776.09,42930.0,40683.28,41327.5,43907.51641,1,42445.10285714286,43603.23533333333,0.05252279953590899,-0.027842140052833253
2024-01-19,41327.51,42196.86,40280.0,41659.03,48342.74559,1,42284.57428571429,43536.238666666664,0.046382179811946096,-0.03428350211356823
2024-01-20,41659.03,41872.56,41456.3,41696.04,15923.99493,0,42120.01,43464.04666666666,0.009992071346836323,-0.025249146135341904
2024-01-21,41696.05,41881.39,41500.98,41580.33,11730.16301,0,42098.29285714286,43384.422999999995,0.009123406173966028,0.006117718226362534
2024-01-22,41580.32,41689.65,39431.58,39568.02,55426.19911,1,41677.852857142854,43246.61833333333,0.05430621986555177,-0.05019343945358312
2024-01-23,39568.02,40176.74,38555.0,39897.6,57956.63351,1,41214.94571428571,43143.48833333333,0.040986129707779116,-0.043132153557028485
2024-01-24,39897.59,40555.0,39484.19,40084.88,39293.82861,0,40830.485714285714,43027.113333333335,0.026838964458755474,-0.03596532302653688
2024-01-25,40084.89,40300.24,39550.0,39961.09,31022.11853,1,40635.28428571428,42942.18533333333,0.018716279376094033,0.009934032584900665
2024-01-26,39961.09,42246.82,39822.52,41823.51,47384.96726,1,40658.78142857143,42888.674,0.06066651335086213,0.04827132459095296
2024-01-27,41823.51,42200.0,41394.34,42120.63,16224.41667,0,40719.43714285714,42873.903000000006,0.019263328209421053,0.05078598214588648
2024-01-28,42120.63,42842.68,41620.81,42031.06,27294.99838,1,40783.82714285714,42872.70666666667,0.029008825366572216,0.05179963809795973
2024-01-29,42031.05,43333.0,41804.88,43302.7,31542.74207,0,41317.352857142854,42911.454000000005,0.03635693136383703,0.03536742851090202
2024-01-30,43302.71,43882.36,42683.99,42941.1,37619.24546,0,41752.138571428564,42933.37133333333,0.02767424948692594,0.019479053375982325
2024-01-31,42941.1,43745.11,42276.84,42580.0,39871.13688,1,42108.58428571428,42880.05299999999,0.03419264993211641,0.013060341566451195
2024-02-01,42580.0,43285.13,41884.28,43082.94,35231.04664,1,42554.56285714286,42817.92066666667,0.032899248473461686,-0.0050749722303689015
2024-02-02,43082.95,43488.0,42546.79,43200.0,29672.14418,0,42751.20428571429,42829.746333333336,0.0218464613031373,0.006029188819103304
2024-02-03,43199.99,43380.01,42880.0,43011.09,12033.40998,0,42878.41285714286,42791.746,0.01157430823479362,0.010124236730859382
2024-02-04,43011.1,43119.04,42222.0,42582.88,17066.89404,1,42957.24428571428,42739.67166666667,0.02085601158770645,-0.011606914477052976
2024-02-05,42582.88,43569.76,42258.1,42708.7,29467.75905,1,42872.387142857144,42697.68433333333,0.030802519698057144,-0.011372685185185305
2024-02-06,42708.7,43399.98,42574.0,43098.95,24675.85433,1,42894.93714285714,42670.01533333333,0.019339853472477582,0.0020427289798978787
2024-02-07,43098.96,44396.5,42788.0,44349.6,34392.59915,1,43147.73714285714,42583.30066666667,0.03732108617006072,0.04148897397263873
2024-02-08,44349.6,45614.3,44331.1,45288.65,45439.62231,1,43462.83857142857,42555.92233333333,0.028933744610999974,0.060408066740500255
2024-02-09,45288.66,48200.0,45242.12,47132.77,73503.481,1,44024.66285714286,42571.88166666667,0.06531171379325414,0.09359439151069804
2024-02-10,47132.78,48170.0,46800.0,47751.09,24802.35936,1,44701.805714285714,42618.946,0.029066819313437485,0.07669719681800968
2024-02-11,47751.08,48592.66,47557.16,48299.99,29958.80837,1,45518.53571428572,42802.85466666667,0.02168537339888438,0.06649215642329809
2024-02-12,48300.0,50334.82,47710.01,49917.27,59009.96705,0,46548.33142857143,43038.49733333334,0.05434389233954447,0.05907779237248301
2024-02-13,49917.28,50368.61,48300.95,49699.59,55551.56706,1,47491.27999999999,43304.072,0.041421728106980256,0.04080535124957363
2024-02-14,49699.6,52043.71,49225.01,51795.17,57046.37401,1,48554.93285714286,43613.541,0.05671474217096309,0.07236399013747219
2024-02-15,51795.17,52816.62,51314.0,51880.0,53816.03055,1,49496.55428571429,43904.94266666666,0.029010813170417295,0.0393196583066342
2024-02-16,51880.01,52572.08,51566.0,52124.11,37772.25318,0,50209.602857142854,44216.543,0.01939244036383188,0.048783501030893905
2024-02-17,52124.1,52162.82,50625.0,51642.64,25674.00622,1,50765.53857142857,44560.38100000001,0.029503051371630392,-0.0029448691837481444
2024-02-18,51642.64,52377.0,51163.28,52137.67,21992.10363,0,51313.77857142857,44909.669,0.023502284158981826,0.004966653816499633
2024-02-19,52137.68,52488.77,51677.0,51774.73,29534.99432,1,51579.13,45245.62533333334,0.015569737663816204,-0.006702848259663274
2024-02-20,51774.74,52985.0,50760.37,52258.82,49614.47318,0,51944.73428571429,45601.575,0.042967477963192044,0.011931613101111793
2024-02-21,52258.82,52366.8,50625.0,51849.39,43079.40049,0,51952.479999999996,46010.954,0.03333025889218323,-0.005529207576786543
2024-02-22,51849.38,52065.78,50940.78,51288.42,35309.44574,0,51867.968571428566,46390.648,0.021697462920482368,-0.009392806104445262
2024-02-23,51288.42,51548.54,50521.0,50744.15,30545.79544,1,51670.83142857143,46745.957,0.020034541910240185,-0.028984006910221072
2024-02-24,50744.15,51698.0,50585.0,51568.22,16560.4211,1,51660.200000000004,47132.861333333334,0.021933562785069805,-0.005422821753544249
2024-02-25,51568.21,51958.55,51279.8,51728.85,18721.63159,1,51601.79714285714,47463.03933333334,0.013162178791934024,0.008587318540910438
2024-02-26,51728.85,54910.0,50901.44,54476.47,51256.72199,1,51987.76,47874.90066666667,0.07749176716667774,0.07355172960824063
2024-02-27,54476.48,57588.15,54450.13,57037.34,67194.98562,1,52670.40571428571,48375.10999999999,0.05760320784309125,0.10605601667073228
2024-02-28,57037.35,64000.0,56691.85,62432.1,118763.46984,0,54182.22142857143,49012.75666666667,0.12812919955082067,0.20691065043974488
2024-02-29,62432.11,63676.35,60364.7,61130.98,78425.07603,1,55588.30142857142,49619.086,0.05304401853469315,0.12215383999734208
2024-03-01,61130.99,63114.23,60777.0,62387.9,47737.93473,0,57251.694285714286,50279.34933333333,0.038233144923712235,0.09380802120154974
2024-03-02,62387.9,62433.19,61561.12,61987.28,25534.73659,1,58740.131428571425,50909.49399999999,0.013978191283886774,-0.007124860448391113
2024-03-03,61987.28,63231.88,61320.0,63113.97,28994.90903,1,60366.57714285714,51573.29299999999,0.030843102004153067,0.03243838067048821
2024-03-04,63113.97,68499.0,62300.0,68245.71,84835.16005,0,62333.611428571436,52414.44700000001,0.09821914229131838,0.0938933671433082
2024-03-05,68245.71,69000.0,59005.0,63724.01,132696.7813,1,63288.85,53119.15133333333,0.1464560922583998,0.028017522304575992
2024-03-06,63724.01,67641.1,62779.14,66074.04,78738.85491,1,63809.12714285714,53897.996,0.07629714451428914,0.046900393050856914
2024-03-07,66074.04,67980.0,65551.0,66823.17,53059.8869,1,64622.29714285715,54688.80333333334,0.03676179025832233,-0.02084438714169734
2024-03-08,66823.18,69990.0,66082.66,68124.19,74261.932842,1,65441.76714285714,55481.289666666664,0.05847282335261502,0.06905058234721895
2024-03-09,68124.2,68541.1,67861.1,68313.27,19872.89743,1,66345.48,56248.777,0.009981768593245866,0.03388970918079193
2024-03-10,68313.28,69887.61,68094.75,68955.88,38404.66835,1,67180.03857142858,56976.214,0.0262446774624202,0.03191572623687278
2024-03-11,68955.88,72800.0,67024.96,72078.1,75292.825726,0,67727.52285714286,57787.11433333333,0.08374978319470353,0.05803973595869549
2024-03-12,72078.1,73000.0,68620.82,71452.01,68783.546691,1,68831.52285714286,58558.848333333335,0.06075604101661937,0.04594627076115643
2024-03-13,71452.0,73650.25,71333.31,73072.41,52659.711647,0,69831.29,59330.68633333333,0.0324265241000952,0.05969802720232131
2024-03-14,73072.4,73777.0,68555.0,71388.94,71757.628746,0,70483.54285714285,60053.664666666664,0.07146337057493664,-0.009561295317162988
2024-03-15,71388.94,72419.71,65600.0,69499.85,103334.03546,0,70680.06571428572,60643.820666666674,0.09552894327888894,-0.02732127479688795
2024-03-16,69499.84,70043.0,64780.0,65300.63,55926.95336,1,70249.68857142857,61091.17500000001,0.07572679304009909,-0.10635724208357167
2024-03-17,65300.64,68904.4,64533.0,68393.48,49742.21589,0,70169.34571428572,61633.48733333334,0.06694268233818221,-0.04195972093156175
2024-03-18,68393.47,68956.0,66565.2,67609.99,55691.08088,0,69531.04428571429,62165.73233333333,0.03495655360080433,-0.02719228890422065
2024-03-19,67610.0,68124.11,61555.0,61937.4,101005.32487,1,68171.81428571428,62492.39,0.09716181038307943,-0.05150379100477276
2024-03-20,61937.41,68100.0,60775.0,67840.51,90420.58592,0,67424.40000000001,63027.916,0.11826455126231464,-0.008085127412730042
2024-03-21,67840.51,68240.47,64529.01,65501.27,53357.48002,0,66583.30428571429,63469.331,0.05470860994411745,-0.031189473626604736
2024-03-22,65501.28,66649.62,62260.0,63796.64,51482.37821,1,65768.56,63867.57266666667,0.06701578961510364,0.03001805048322992
2024-03-23,63796.64,65999.0,63000.0,63990.01,26410.11409,1,65581.32857142857,64290.959,0.04700874528815311,-0.05675812283840431
2024-03-24,63990.02,67628.69,63772.29,67209.99,31395.78015,1,65412.258571428574,64839.82033333333,0.06026564767443426,0.026086822438710078
2024-03-25,67210.0,71150.0,66385.06,69880.01,53431.14486,1,65736.54714285715,65450.21333333333,0.07089629519416757,0.09535564882413872
2024-03-26,69880.0,71561.1,69280.0,69988.0,38934.38417,0,66886.63285714286,66058.85166666665,0.03264310246136242,0.09373322492057734
2024-03-27,69987.99,71769.54,68359.18,69469.99,49119.35685,1,67119.41571428571,66558.63566666665,0.04872778886777575,0.03362595352268305
2024-03-28,69469.99,71552.06,68903.62,70780.6,35439.03239,0,67873.60571428572,67016.74433333334,0.03812351203735602,0.012887662723574556
2024-03-29,70780.6,70916.16,69009.0,69850.54,25445.08353,0,68738.44857142857,67264.02566666667,0.026944671279983547,-0.001964050980168164
2024-03-30,69850.53,70321.1,69540.0,69582.18,13644.61142,1,69537.33,67545.73233333333,0.011182449152497567,0.0016149419339197557
2024-03-31,69582.17,71366.0,69562.99,71280.01,19396.34433,0,70118.76142857142,67842.136,0.02591195416871872,0.007055746913702254
2024-04-01,71280.0,71288.23,68062.86,69649.8,41445.32039,0,70085.87428571428,68097.55333333333,0.04524929854096514,-0.002873850366797326
2024-04-02,69649.81,69674.23,64550.0,65463.99,71799.82793,1,69439.58714285714,68175.88733333333,0.07357134211852116,-0.059184549837329015
2024-04-03,65463.99,66903.63,64493.07,65963.28,39887.21778,1,68938.62857142858,68099.80633333334,0.03682268679315155,-0.07458935541675704
2024-04-04,65963.27,69309.91,65064.52,68487.79,41510.48453,0,68611.08428571429,68258.599,0.06435990817313948,-0.016683608567433228
2024-04-05,68487.8,68756.67,65952.56,67820.62,37915.23073,1,68321.09571428571,68316.81833333333,0.04094320448313423,0.03599887510675703
2024-04-06,67820.63,69692.0,67447.83,68896.0,20134.28919,1,68223.06999999999,68385.91266666666,0.0330897840376888,0.04445988737976636
2024-04-07,68896.0,70326.29,68824.0,69360.39,21534.74433,1,67948.83857142857,68427.11933333334,0.02180518462610302,0.01274095718375512
2024-04-08,69360.38,72797.99,69043.24,71620.0,45723.87624,0,68230.2957142857,68537.34366666667,0.05413393063878831,0.05602101543748805
2024-04-09,71620.0,71758.19,68210.0,69146.0,39293.90242,1,68756.29714285713,68543.68100000001,0.049541887740854544,0.003628657686948422
2024-04-10,69146.0,71172.08,67518.0,70631.08,42006.02377,0,69423.1257142857,68495.447,0.05284586237815639,0.018320110368468256
2024-04-11,70631.08,71305.89,69567.21,70006.23,31917.25595,0,69640.0457142857,68447.25433333333,0.02461635869081986,-0.02253239318626088
2024-04-12,70006.22,71227.46,65086.86,67116.52,56072.86229,0,69539.45999999999,68248.72466666666,0.08771506303297058,-0.02935064935064924
2024-04-13,67116.52,67929.0,60660.57,63924.51,71395.22019,1,68829.24714285714,67999.91033333333,0.10829569232731374,-0.09495210890163364
2024-04-14,63924.52,65840.0,62134.0,65661.84,61599.17818,0,68300.88285714285,67871.97666666667,0.05797462382197004,-0.06205719119569786
2024-04-15,65661.85,66867.07,62274.4,63419.99,52389.53069,1,67129.45285714285,67809.28866666666,0.06994426748561006,-0.05507630610168712
2024-04-16,63419.99,64365.0,61600.0,63793.39,53435.29331,0,66364.79428571429,67655.95233333333,0.043598240870110515,-0.0020511694184280893
2024-04-17,63793.4,64499.0,59678.16,61277.37,50610.54509,1,65028.549999999996,67444.865,0.07556957302793073,-0.06677348670095129
2024-04-18,61277.38,64117.09,60803.35,63470.08,43601.60918,1,64094.81428571429,67495.95433333333,0.054077703713833684,0.0007898140633577633
2024-04-19,63470.09,65450.0,59600.01,63818.01,69774.30271,1,63623.59857142857,67361.871,0.09216924066123111,0.00038593340156412026
2024-04-20,63818.01,65419.0,63090.07,64940.59,23137.42975,1,63768.75285714286,67343.18166666667,0.03649330337940654,0.05978095992044041
2024-04-21,64940.58,65695.56,64237.5,64941.15,19316.42152,1,63665.79714285715,67381.332,0.02245221708829822,0.023177377435163127
2024-04-22,64941.15,67232.35,64500.0,66819.32,31397.99371,0,64151.41571428571,67475.64233333334,0.04207424722229289,0.04702920069115302
2024-04-23,66819.32,67183.01,65765.81,66414.0,22599.90004,0,64525.78857142857,67449.10933333334,0.021209434636569137,0.022688583519182792
2024-04-24,66414.0,67070.43,63606.06,64289.59,33595.69637,1,64956.105714285724,67262.762,0.05216324871262076,-0.010033083799717235
2024-04-25,64289.58,65297.94,62794.0,64498.34,31341.46338,0,65103.0,67079.77333333333,0.03894783571459018,-0.03473516342279459
2024-04-26,64498.33,64820.01,63297.48,63770.01,27085.19346,0,65096.142857142855,66889.774,0.02360572746612197,-0.039810732676845206
2024-04-27,63770.0,63923.41,62391.24,63461.98,20933.06052,0,64884.91285714286,66645.82,0.024026501489728798,-0.012873157224987608
2024-04-28,63461.98,64370.0,62781.0,63118.62,16949.20005,1,64624.55142857144,66421.42266666667,0.025038613670736398,-0.02139155829436845
2024-04-29,63118.62,64228.35,61765.53,63866.0,28150.22947,0,64202.64857142857,66230.88333333333,0.03901891391161593,0.0015052530178369938
2024-04-30,63866.0,64734.0,59191.6,60672.0,54947.65535,0,63382.36285714286,65877.283,0.08678169918266372,-0.04396301533611158
2024-05-01,60672.01,60841.63,56552.82,58364.97,81166.46823,1,62535.98857142857,65501.121999999996,0.07068844430899845,-0.0753129583631581
2024-05-02,58364.97,59625.0,56911.84,59060.61,47583.81961,1,61759.17,65287.676,0.046486102879861046,-0.07524175617699558
2024-05-03,59060.6,63333.0,58811.32,62882.01,43628.40143,1,61632.31285714286,65184.967,0.07656000785633739,0.036425534018987404
2024-05-04,62882.01,64540.0,62541.03,63892.04,24368.69282,1,61693.75,65031.77533333333,0.03178921920593825,0.09469841242101218
2024-05-05,63892.03,64646.0,62822.17,64012.0,18526.75029,0,61821.375714285714,64904.82133333334,0.02854550090206872,0.08383574094476853
2024-05-06,64012.0,65500.0,62700.0,63165.19,34674.91949,0,61721.26,64713.79433333334,0.0437417984127976,0.004503354775077906
2024-05-07,63165.18,64422.41,62261.0,62312.08,25598.79472,0,61955.557142857135,64478.85066666666,0.03421837791010812,-0.024728589038634508
2024-05-08,62312.07,63020.22,60888.0,61193.03,26121.19004,1,62359.565714285716,64131.285,0.03421841065462921,-0.04403814909704429
2024-05-09,61193.03,63429.03,60630.0,63074.01,30660.8061,0,62932.908571428576,63928.885333333325,0.04574099370467517,-0.0014435165951373063
2024-05-10,63074.0,63469.13,60187.12,60799.99,36529.34025,1,62635.47714285715,63601.18233333333,0.05203427719821154,-0.024266402277054566
2024-05-11,60799.99,61515.0,60487.09,60825.99,13374.56936,1,62197.469999999994,63295.174333333336,0.016906417254345,-0.005998068734298645
2024-05-12,60825.99,61888.0,60610.0,61483.99,12753.13236,1,61836.32571428571,63107.42333333333,0.021010755435299944,-0.025208798362431728
2024-05-13,61484.0,63450.0,60749.21,62940.08,32733.41839,0,61804.16714285714,63074.609000000004,0.043926712640687024,0.0351988544734958
2024-05-14,62940.09,63118.36,61142.77,61577.49,29088.72041,1,61699.22571428572,62938.464,0.03138842032161066,0.012354916048222142
2024-05-15,61577.49,66444.16,61319.47,66206.5,43559.74719,0,62415.43571428571,63031.34766666666,0.0832234311596657,0.07680877574796297
2024-05-16,66206.51,66752.01,64602.77,65235.21,31106.3671,1,62724.17857142857,63079.40833333333,0.03246266870131046,0.03646531748926907
2024-05-17,65235.21,67451.2,65106.38,67024.0,26292.23409,0,63613.322857142855,63270.962666666666,0.035944086023483326,0.08844969159996618
2024-05-18,67024.0,67400.01,66600.0,66915.2,14441.25774,0,64483.21,63385.8,0.011936172117450388,0.010704387031484686
2024-05-19,66915.2,67700.0,65857.25,66274.01,18025.30409,1,65167.49857142857,63467.666666666664,0.027538586150829707,0.015923915934354937
2024-05-20,66274.0,71515.56,66060.31,71446.62,50816.7011,0,66382.71857142857,63684.53433333334,0.08231357696834354,0.06598561709238471
2024-05-21,71446.62,71979.0,69162.94,70148.34,49607.4336,0,67607.12571428572,63858.10733333334,0.039414880647957846,0.04831697431973603
2024-05-22,70148.34,70666.0,68842.19,69166.62,27673.18026,0,68030.0,63936.350666666665,0.025999332272153522,0.043646219687023535
2024-05-23,69166.62,70096.12,66312.16,67969.65,40513.17374,1,68420.63428571427,63988.20566666666,0.054707892333035676,-0.04866528325622688
2024-05-24,67969.66,69250.0,66600.12,68549.99,28095.83664,1,68638.63285714285,64130.219,0.038986218262677855,-0.02278528615217401
2024-05-25,68549.99,69610.0,68500.0,69290.57,12130.39418,0,68977.97142857143,64289.96,0.016192562537208247,0.001792049401864837
2024-05-26,69290.56,69562.23,68128.01,68507.67,11872.11797,1,69297.06571428571,64447.882,0.020698634850115243,0.00791559173837153
2024-05-27,68507.67,70687.56,68250.0,69436.43,23136.92737,0,69009.89571428571,64647.030333333336,0.03558083350375217,0.01293129291484929
2024-05-28,69436.43,69591.81,67277.91,68398.39,32622.97042,0,68759.90285714286,64823.022666666664,0.03332400585686785,-0.012875922365770842
2024-05-29,68398.4,68935.68,67124.65,67652.42,23159.83149,1,68543.58857142857,64949.23666666667,0.02647766614423728,-0.012484003615945483
2024-05-30,67652.41,69500.0,67128.0,68352.17,28478.2184,0,68598.2342857143,65205.242333333335,0.03506157430311795,-0.015615146112782474
2024-05-31,68352.17,69044.1,66670.0,67540.01,26690.32184,1,68453.95142857144,65511.077000000005,0.03473335228420701,-0.012549710599913277
2024-06-01,67540.01,67900.0,67428.44,67766.85,8837.66133,0,68236.27714285714,65801.28499999999,0.006981935596396828,0.0016914398627574379
2024-06-02,67766.84,68460.0,67257.47,67765.63,15426.32529,1,68130.27142857143,65964.07233333333,0.017745109555056704,-0.008581146728772415
2024-06-03,67765.62,70288.0,67612.48,68809.9,29633.374,1,68040.76714285715,66128.00099999999,0.03948196740471059,0.018802040449801494
2024-06-04,68809.89,71063.45,68567.32,70537.84,29619.78489,1,68346.40285714286,66345.529,0.03627574466402998,0.04089005169931892
2024-06-05,70537.83,71758.0,70383.66,71108.0,28703.18082,0,68840.05714285714,66610.28933333333,0.019483729510817054,0.049322495784367204
2024-06-06,71108.0,71700.0,70117.64,70799.06,21842.00449,0,69189.61285714286,66893.18866666667,0.022252911064859097,0.028908049568448835
2024-06-07,70799.06,71997.02,68420.0,69355.6,35598.45045,0,69448.98285714285,67165.27433333333,0.050523552148856274,-0.016760365783811793
2024-06-08,69355.6,69582.2,69168.02,69310.46,9773.82967,1,69669.49857142857,67373.156,0.005971832123144965,-0.02527901220678397
2024-06-09,69310.46,69857.14,69130.24,69648.14,9890.56709,0,69938.42857142857,67668.09433333334,0.010487594513151321,-0.016256148033603757
2024-06-10,69648.15,70195.94,69172.29,69540.0,17122.66941,0,70042.72857142857,67958.56133333333,0.014697447096584888,0.0026587615131292708
2024-06-11,69540.0,69590.01,66051.0,67314.24,41436.01588,1,69582.21428571429,68152.903,0.05089171699741148,-0.02880113622099756
2024-06-12,67314.23,69999.0,66905.0,68263.99,37175.32356,0,69175.92714285714,68330.36666666667,0.04596353549613507,-0.019873466829121278
2024-06-13,68263.98,68449.3,66251.78,66773.01,29079.55571,0,68600.77714285714,68503.55066666666,0.032191501286622966,-0.039789905090595434
2024-06-14,66773.01,67370.24,65078.0,66043.99,28408.18797,1,68127.68999999999,68498.13366666666,0.034328840350315276,-0.01887044999691001
2024-06-15,66043.99,66478.48,65857.1,66228.25,11451.80242,1,67687.37428571428,68531.235,0.009408577525373468,-0.029821579430092005
2024-06-16,66228.25,66998.7,66034.5,66676.87,9392.52223,0,67262.90714285713,68519.664,0.014558741926594725,-0.001439803297769604
2024-06-17,66676.86,67298.81,65130.0,66504.33,27386.16851,0,66829.24,68505.96833333334,0.032527176594698635,0.00697020273911364
2024-06-18,66504.33,66588.23,64060.0,65175.32,42350.10244,0,66523.68000000001,68469.34533333333,0.03801602091172102,-0.015898502527244784
2024-06-19,65175.32,65727.54,64666.0,64974.37,20060.79576,0,66053.7342857143,68253.60366666666,0.01628745359439729,-0.025533592083731516
2024-06-20,64974.37,66482.94,64559.15,64869.99,24265.29031,0,65781.87428571428,68077.65866666667,0.029608444068022526,-0.02457494121059489
2024-06-21,64869.99,65066.66,63379.35,64143.56,25993.56442,1,65510.38428571429,67910.22333333333,0.026010640667587664,-0.015830532170766465
2024-06-22,64143.56,64546.81,63943.82,64262.01,7308.95542,0,65229.49285714285,67786.63533333334,0.009400631957440436,-0.010963707689662816
2024-06-23,64262.01,64521.0,63178.32,63210.01,8224.45447,0,64734.22714285714,67608.636,0.02089383758771318,-0.02558933645588657
2024-06-24,63210.01,63369.8,58402.0,60293.3,52161.35414,1,63846.93714285714,67308.727,0.07859198250403698,-0.06002566742475779
2024-06-25,60293.3,62420.0,60257.06,61806.01,31189.24361,0,63365.607142857145,67085.33833333333,0.03587363770103813,-0.038218536892948074
2024-06-26,61806.01,62487.81,60712.0,60864.99,22485.66463,1,62778.55285714286,66799.62366666667,0.02873199548069836,-0.0370988708908605
2024-06-27,60864.98,62389.22,60606.63,61706.47,18344.28631,0,62326.62142857143,66576.55966666667,0.02928761333693043,0.02343825930907739
2024-06-28,61706.46,62225.31,60063.0,60427.84,24821.19255,1,61795.80428571429,66335.74033333334,0.035041874059863386,-0.022298316943611285
2024-06-29,60427.84,61224.0,60383.77,60986.68,11509.55904,1,61327.90000000001,66090.224,0.013904683668984416,0.001999343136341647
2024-06-30,60986.68,63058.76,60712.21,62772.01,17326.30136,1,61265.32857142857,65931.29066666667,0.03847643452635892,0.017267881309690924
2024-07-01,62772.01,63861.76,62497.2,62899.99,24547.10538,0,61637.712857142855,65769.062,0.021738351217365906,0.04091077887278449
2024-07-02,62900.0,63288.83,61806.28,62135.47,18573.11875,0,61684.77857142857,65581.39,0.02356995230524647,0.018836736152878064
2024-07-03,62135.46,62285.94,59400.0,60208.58,32160.11127,0,61591.00571428572,65294.67933333334,0.04644594246184067,-0.04083715018843592
2024-07-04,60208.57,60498.19,56771.0,57050.01,54568.77276,0,60925.79714285715,64845.085,0.061904642478637216,-0.09300446629641745
2024-07-05,57050.02,57546.0,53485.93,56628.79,81348.24756,1,60383.07571428572,64362.44466666667,0.07116684621670596,-0.08862377640339725
2024-07-06,56628.79,58475.0,56018.0,58230.13,21651.31558,0,59989.282857142854,63943.48033333333,0.043387824461726975,-0.03285993458075254
2024-07-07,58230.13,58449.46,55724.37,55857.81,19118.93918,1,59001.54,63493.554000000004,0.04679862469824465,-0.02089745470684412
2024-07-08,55857.81,58236.73,54260.16,56714.62,48090.2049,1,58117.91571428572,63073.69266666667,0.07119093999567831,0.0015156601438950368
2024-07-09,56714.61,58296.0,56289.45,58050.0,27732.20788,0,57534.27714285714,62687.087999999996,0.03537977251364336,-0.0030934157282492825
2024-07-10,58050.0,59470.0,57157.79,57725.85,24951.73799,0,57179.60142857143,62293.283,0.03983135228251506,0.033442771923926085
2024-07-11,57725.85,59650.0,57050.0,57339.89,29761.05735,1,57221.01285714285,61960.80466666666,0.0450404801315182,0.011024846856066306
2024-07-12,57339.89,58526.68,56542.47,57889.1,23652.4569,1,57401.05714285715,61614.975,0.034604356583174456,-0.002771748492678805
2024-07-13,57889.09,59850.0,57756.63,59204.02,15357.74519,1,57540.184285714284,61362.67533333333,0.03616173617515844,0.025606725583079193
2024-07-14,59204.01,61420.69,59194.01,60797.91,21178.33907,1,58245.91285714286,61187.806,0.037610290248920646,0.060307405542633585
2024-07-15,60797.91,64900.0,60632.3,64724.14,38690.9782,1,59390.13,61137.669,0.07019484715839733,0.11807127766712555
2024-07-16,64724.06,65388.97,62373.24,65043.99,42530.52915,0,60389.27142857143,61083.239666666675,0.04659364693747585,0.09864144360467408
2024-07-17,65044.0,66128.63,63854.0,64087.99,29567.52954,0,61298.14857142857,61002.695,0.03497063526228406,0.05411501809848396
2024-07-18,64087.99,65133.3,63238.48,63987.92,22568.7225,1,62247.86714285715,60963.115,0.029565913987940638,-0.011374735917696221
2024-07-19,63987.92,67386.0,63300.67,66660.0,35634.72739,1,63500.852857142854,61019.30266666667,0.06384533205642567,0.024844878058680075
2024-07-20,66660.01,67598.0,66222.46,67139.96,14386.92434,1,64634.55857142858,61094.96833333334,0.02063516042076792,0.04762155904717891
2024-07-21,67139.97,68366.66,65777.0,68165.34,21819.11191,0,65687.04857142856,61229.02766666667,0.038571062811020074,0.06528450995125334
2024-07-22,68165.35,68474.55,66559.97,67532.01,21451.04303,0,66088.17285714285,61338.02766666667,0.028087290683609805,0.013081458145814517
2024-07-23,67532.0,67750.98,65441.08,65936.01,31406.15316,0,66215.60428571429,61428.89433333334,0.034204525262097885,-0.017931943957071317
2024-07-24,65936.0,67102.01,65111.0,65376.0,23082.56277,1,66399.60571428572,61598.31766666667,0.03019609924775532,-0.0409202095962552
2024-07-25,65376.01,66175.49,63456.7,65799.95,35126.42934,1,66658.46714285715,61731.449,0.04158696745182228,-0.025647985303561938
2024-07-26,65799.95,68200.0,65722.63,67907.99,24244.36023,0,66836.75142857143,61966.21566666666,0.037650028609444164,0.02990748151124123
2024-07-27,67908.0,69399.99,66650.0,67896.5,31710.21921,1,66944.82857142857,62172.55,0.040495817871237634,0.038553903573176784
2024-07-28,67896.49,68318.43,67066.66,68249.88,10868.69394,0,66956.90571428572,62433.28466666667,0.01843644642013143,0.03723300701596299
2024-07-29,68249.88,70079.99,66428.0,66784.69,36467.29633,0,66850.14571428571,62626.551666666666,0.05350910507095404,-0.01654149975577257
2024-07-30,66784.68,67000.0,65302.67,66188.0,23132.25441,0,66886.14428571428,62740.418,0.02541496043703439,-0.02516330002282885
2024-07-31,66188.0,66849.24,64530.0,64628.0,22625.43905,1,66779.28714285714,62798.01833333333,0.03504018855381648,-0.05306793213409322
2024-08-01,64628.01,65659.78,62302.0,65354.02,35542.26854,0,66715.58285714286,62905.30333333334,0.051955491125287606,-0.021422125340403664
2024-08-02,65354.02,65596.14,61230.01,61498.33,38820.42937,0,65799.91714285714,62948.295,0.06680736701430146,-0.0708537801414153
2024-08-03,61498.34,62198.22,59850.0,60697.99,28034.71567,0,64771.55857142857,63069.89433333333,0.038183469667636576,-0.060809710961193364
2024-08-04,60697.99,61117.63,57122.77,58161.0,31616.52003,0,63330.28999999999,63120.96799999999,0.06581535895999194,-0.11006239554965402
2024-08-05,58161.0,58305.59,49000.0,54018.81,162065.59186,1,61506.59285714285,62980.59066666666,0.15999707707914232,-0.12162151395005372
2024-08-06,54018.82,57040.99,53950.0,56022.01,55884.77676,0,60054.30857142857,62986.064,0.05722061311224492,-0.07703681785838368
2024-08-07,56022.0,57736.05,54558.62,55134.16,44269.37684,1,58698.04571428571,62933.382000000005,0.05671753953803863,-0.052042433933391696
2024-08-08,55133.76,62745.14,54730.0,61685.99,48349.52949,0,58174.041428571436,63054.58166666667,0.14537626310993482,0.14193537399287393
2024-08-09,61686.0,61744.37,59535.0,60837.99,30972.48017,1,58079.70714285714,63158.31966666667,0.035816392698505374,0.08596585520583777
2024-08-10,60837.99,61470.58,60242.0,60923.51,9995.20621,0,58111.92428571429,63277.773666666675,0.020194289785050456,0.10500477380992113
2024-08-11,60923.51,61858.0,58286.73,58712.59,19189.84512,1,58190.72285714286,63305.223333333335,0.05861891411049686,-0.04820219307495921
2024-08-12,58712.59,60711.09,57642.21,59346.64,37009.91743,1,58951.84142857143,63309.977333333336,0.05226953878205676,-0.024513466010300466
2024-08-13,59346.64,61578.1,58392.88,60587.15,27858.95851,0,59604.00428571429,63302.952000000005,0.05367144626890421,-0.005521021359406242
2024-08-14,60587.16,61800.0,58433.18,58683.39,28422.76326,0,60111.03714285714,63101.59366666666,0.05556986001654475,-0.0004973379644808151
2024-08-15,58683.39,59849.38,56078.54,57541.06,37686.17622,1,59518.90428571428,62851.496,0.06425736481822193,-0.030424300347921984
2024-08-16,57541.05,59817.76,57098.62,58874.6,27610.84344,1,59238.42,62677.71633333333,0.04725565487595376,-0.02826589466578311
2024-08-17,58874.59,59700.0,58785.05,59491.99,7721.72931,0,59033.91714285714,62527.852,0.015540660240691223,0.013779026739934475
2024-08-18,59491.99,60284.99,58408.92,58427.35,13634.85717,1,58993.16857142857,62253.43033333333,0.03153483351288131,0.015402740234538692
2024-08-19,58427.35,59617.63,57787.3,59438.5,22809.31251,0,59006.29142857143,61996.715,0.03132659619168068,0.00957798439394919
2024-08-20,59438.5,61400.0,58548.23,59013.8,31477.44548,1,58781.527142857136,61691.66366666667,0.04797849878445783,-0.008037888798138937
2024-08-21,59013.8,61820.93,58783.47,61156.03,27983.6422,0,59134.76142857143,61479.131,0.05147033405745773,0.046702100985240635
2024-08-22,61156.03,61400.0,59724.87,60375.84,21241.20588,1,59539.729999999996,61293.792,0.0273910847384959,0.01576991343994205
2024-08-23,60375.83,64955.0,60342.14,64037.24,38118.07089,1,60277.25,61249.166666666664,0.07640242792521446,0.08512314068912685
2024-08-24,64037.24,64494.5,63531.0,64157.01,15857.15616,1,60943.68142857143,61194.402,0.01504593264794048,0.04907087657586673
2024-08-25,64157.02,65000.0,63773.27,64220.0,12305.47977,0,61771.20285714286,61071.469000000005,0.019120744697930223,0.06367050131310803
2024-08-26,64219.99,64481.0,62800.0,62834.0,19470.05276,0,62256.274285714295,60902.719000000005,0.02617565029206638,-0.018789691748114068
2024-08-27,62834.0,63212.0,58034.01,59415.0,35135.94178,0,62313.58857142857,60608.223,0.08240745456281627,-0.07391257790847805
2024-08-28,59415.0,60234.98,57860.0,59034.9,36868.54275,1,62010.57,60349.89666666666,0.03997273415804095,-0.08073964497041419
2024-08-29,59034.9,61166.99,58713.09,59359.01,27020.90743,0,61865.30857142858,60122.263666666666,0.0415669375233972,-0.0553042938536461
2024-08-30,59359.0,59944.07,57701.1,59123.99,28519.32195,0,61163.41571428571,59938.79666666666,0.0377865193146785,-0.00489792140031986
2024-08-31,59123.99,59462.38,58744.0,58973.99,8798.409,0,60422.98428571429,59726.12899999999,0.012150397833434405,-0.0010317625675659858
2024-09-01,58974.0,59076.59,57201.0,57301.86,20705.15741,1,59434.67857142857,59586.24666666667,0.031803676196289835,-0.03465606990413084
2024-09-02,57301.77,59425.69,57128.0,59132.13,22895.01461,0,58905.840000000004,59534.05133333334,0.04009806328844646,0.0001376767704615034
2024-09-03,59132.12,59809.65,57415.0,57487.73,22828.18447,1,58630.51571428572,59511.609000000004,0.04049660319975001,-0.025201957676595943
2024-09-04,57487.74,58519.0,55606.0,57970.9,35560.82146,0,58478.51571428571,59643.34533333334,0.05067167364728549,0.011675711748274864
2024-09-05,57970.9,58327.07,55643.65,56180.0,27806.91413,0,58024.37142857142,59648.61166666667,0.04628908642094565,-0.04992429665564213
2024-09-06,56180.0,57008.0,52550.0,53962.97,54447.76826,1,57287.08285714286,59609.572,0.07935208259166963,-0.06131325762906281
2024-09-07,53962.97,54850.0,53745.54,54160.86,16694.04774,1,56599.49285714286,59358.73433333333,0.0204669980173441,-0.06572331980355661
2024-09-08,54160.86,55318.0,53629.01,54869.95,16274.14779,1,56252.07714285714,59159.799666666666,0.03118469684565566,-0.023318796724813184
2024-09-09,54869.95,58088.0,54591.96,57042.0,32384.51737,1,55953.48714285715,59030.416,0.06371502069894361,0.05705820120723515
2024-09-10,57042.01,58044.36,56386.4,57635.99,23626.78126,0,55974.66714285714,58994.52933333334,0.029065595689913435,0.06416312444078609
2024-09-11,57635.99,57981.71,55545.19,57338.0,33026.56757,1,55884.25285714286,58927.57466666667,0.04227428035850511,0.044979993603055934
2024-09-12,57338.0,58588.0,57324.0,58132.32,31074.40631,1,56163.15571428572,58845.746999999996,0.0220447172904531,0.019114336804459953
2024-09-13,58132.31,60625.0,57632.62,60498.0,29825.23333,0,57096.73142857143,58906.234000000004,0.05147533273664848,0.049656646827789475
2024-09-14,60497.99,60610.45,59400.0,59993.03,12137.90901,0,57929.898571428566,58987.96633333333,0.020008102748537548,0.04630489378771485
2024-09-15,59993.02,60395.8,58691.05,59132.0,13757.92361,0,58538.76285714285,58996.54633333333,0.028415805705397063,0.01719663003300065
2024-09-16,59132.0,59210.7,57493.3,58213.99,26477.5642,1,58706.189999999995,58953.94633333333,0.029043495907461175,-0.03775347945386631
2024-09-17,58213.99,61320.0,57610.01,60313.99,33116.25878,1,59088.76142857143,59016.83433333333,0.06373021330439639,0.0053499548197515345
2024-09-18,60313.99,61786.24,59174.8,61759.99,36087.02469,1,59720.474285714285,59094.217333333334,0.043297417398517245,0.04444277210309133
2024-09-19,61759.98,63850.0,61555.0,62947.99,34332.52608,1,60408.427142857145,59225.356999999996,0.03715998612693851,0.08132065848776215
2024-09-20,62948.0,64133.32,62350.0,63201.05,25466.37794,1,60794.57714285714,59293.524333333335,0.02833005020016521,0.047867169789297614
2024-09-21,63201.05,63559.9,62758.0,63348.96,8375.34608,1,61273.99571428572,59392.62833333333,0.012688080340437405,0.025728145357536425
2024-09-22,63348.97,64000.0,62357.93,63578.76,14242.19892,0,61909.24714285715,59377.34566666666,0.025921021288901773,0.01002049469728905
2024-09-23,63578.76,64745.88,62538.75,63339.99,24078.05287,1,62641.532857142854,59350.111666666664,0.034714895351843876,0.0021983811977805967
2024-09-24,63339.99,64688.0,62700.0,64262.7,23185.04759,0,63205.63428571428,59351.534999999996,0.03138617483204528,0.014423914773028512
2024-09-25,64262.7,64817.99,62947.08,63152.01,17813.11168,1,63404.49428571428,59362.135333333325,0.029113467065653893,-0.006712147264275048
2024-09-26,63152.01,65839.0,62670.0,65173.99,28373.30593,1,63722.49428571428,59554.10166666666,0.0501805089022503,0.028954851429563
2024-09-27,65173.99,66498.0,64819.9,65769.95,22048.80487,1,64089.479999999996,59778.60333333334,0.025748001618437027,0.02345450782491243
2024-09-28,65769.95,66260.0,65422.23,65858.0,9127.23316,0,64447.91428571428,59995.236333333334,0.01273788409448383,0.04284883410678453
2024-09-29,65858.0,66076.12,65432.0,65602.01,8337.74111,0,64736.95,60211.170333333335,0.009780436697136193,0.006567343813076221
2024-09-30,65602.01,65618.8,62856.3,63327.59,30011.08752,0,64735.17857142857,60356.29033333333,0.042109990227433586,-0.03713489215059462
2024-10-01,63327.6,64130.63,60164.0,60805.78,43671.48108,0,64241.33285714286,60473.087666666666,0.06263667026699254,-0.07671383886543781
2024-10-02,60804.92,62390.31,60000.0,60649.28,31534.70118,1,63883.799999999996,60523.65933333334,0.039311128112659265,-0.07549661969198806
2024-10-03,60649.27,61477.19,59828.11,60752.71,26221.43472,1,63252.188571428575,60632.492,0.027190434443811144,-0.040659687191633154
2024-10-04,60752.72,62484.85,60459.9,62086.0,21294.65994,0,62725.909999999996,60769.662,0.033331017936316217,0.02105424846124837
2024-10-05,62086.0,62370.56,61689.26,62058.0,7807.46141,1,62183.05285714286,60965.59533333333,0.010973488387075922,0.02322731613631679
2024-10-06,62058.01,62975.0,61798.97,62819.91,8906.86177,0,61785.61,61260.82666666667,0.018950494867624644,0.034026465650668136
2024-10-07,62819.91,64478.19,62128.0,62224.0,25966.1852,0,61627.954285714295,61529.598000000005,0.037411546753250716,0.0022227233192668727
2024-10-08,62224.01,63200.0,61860.31,62160.49,19702.22371,0,61821.48428571429,61772.616,0.021530113536559318,0.001651519546230995
2024-10-09,62160.5,62543.75,60301.0,60636.02,20011.15684,0,61819.58999999999,61892.41666666666,0.03607998648659518,-0.03476429686066096
2024-10-10,60636.01,61321.68,58946.0,60326.39,23967.92481,1,61758.68714285714,61982.096666666665,0.039179358932093324,-0.030496432244793037
2024-10-11,60326.4,63417.56,60087.64,62540.0,23641.35209,1,61823.544285714284,62155.496666666666,0.055198387438998485,0.006105325102810477
2024-10-12,62539.99,63480.0,62487.23,63206.22,10911.30116,0,61987.57571428572,62324.62666666667,0.015874163075497723,0.0423873466629241
2024-10-13,63206.23,63285.72,62050.0,62870.02,11909.21995,1,61994.73428571428,62403.694,0.019550604426177627,0.04216446566751286
2024-10-14,62870.02,66500.0,62457.81,66083.99,37669.95222,1,62546.16142857143,62606.726,0.06429439659793336,0.05666757275343781
2024-10-15,66084.0,67950.0,64800.01,67074.14,43683.95423,1,63248.11142857142,62871.464,0.0476664548150838,0.061195243126388466
2024-10-16,67074.14,68424.0,66750.49,67620.01,29938.25544,0,64245.82428571429,63184.998,0.024950152174891764,0.07555254475821704
2024-10-17,67620.0,67939.4,66666.0,67421.78,25328.22861,1,65259.45142857143,63421.924333333336,0.018831706595681664,0.020243783706159313
2024-10-18,67421.78,69000.0,67192.36,68428.0,28725.635,0,66100.5942857143,63644.191333333336,0.026810920744008825,0.020184530133371847
2024-10-19,68427.99,68693.26,68010.0,68378.0,8193.66737,1,66839.42,63825.191666666666,0.009985095280454602,0.011209551728844858
2024-10-20,68377.99,69400.0,68100.0,69031.99,12442.47378,0,67719.70142857144,64019.556333333334,0.019011965692469168,0.023882638518294863
2024-10-21,69032.0,69519.52,66840.67,67377.5,31374.42184,1,67904.48857142858,64153.841,0.03880591609688269,-0.015351902729876632
2024-10-22,67377.5,67836.01,66571.42,67426.0,24598.96268,0,67954.75428571428,64282.08233333333,0.018768728433082207,-0.013922606686361139
2024-10-23,67426.01,67472.83,65260.0,66668.65,25530.2407,1,67818.84571428571,64393.03766666667,0.03281864075895937,-0.03423543200768242
2024-10-24,66668.65,68850.0,66510.0,68198.28,22589.83877,0,67929.77428571429,64524.22366666667,0.03509895580606477,0.01218181143556829
2024-10-25,68198.27,68771.49,65596.29,66698.33,34479.71125,1,67682.67857142857,64642.43433333333,0.046558365776727346,-0.010792127665885554
2024-10-26,66698.32,67454.55,66439.9,67092.76,11842.9077,1,67499.07285714286,64706.39333333333,0.015212527092136783,0.0063614607465427575
2024-10-27,67092.76,68332.05,66913.73,68021.7,8653.19592,1,67354.74571428572,64781.45166666666,0.021139687799399027,-0.0025892148599642173
2024-10-28,68021.69,70270.0,67618.0,69962.21,29046.75459,1,67723.99,64918.25866666667,0.038987564113740776,0.04893495834153572
2024-10-29,69962.21,73620.12,69760.0,72736.42,50128.60594,0,68482.62142857142,65156.07233333333,0.05517435769967809,0.08411727286222836
2024-10-30,72736.41,72961.0,71436.0,72344.74,26885.99056,0,69293.49142857143,65456.644,0.02096611586961743,0.06355383649629465
2024-10-31,72344.75,72700.0,69685.76,70292.01,29352.10297,0,69592.59571428571,65772.85166666667,0.04166494458823902,0.0047139734436632
2024-11-01,70292.01,71632.95,68820.14,69496.01,38301.86755,0,69992.26428571428,66067.74266666667,0.04001607010526514,-0.044550034219446144
2024-11-02,69496.0,69914.37,69000.14,69374.74,10521.67243,0,70318.26142857144,66355.14366666667,0.013155145619891733,-0.041053433877846546
2024-11-03,69374.74,69391.0,67478.73,68775.99,24995.70243,0,70426.01714285715,66578.14333333334,0.027564355556503765,-0.021567458378270676
2024-11-04,68775.99,69500.0,66835.0,67850.01,29800.39187,1,70124.27428571429,66771.21033333334,0.0387489878371798,-0.02368481298422742
2024-11-05,67850.01,70577.91,67476.63,69372.01,33355.06888,1,69643.64428571428,66989.61366666666,0.045707878303923595,-3.93514988309418e-05
2024-11-06,69372.01,76400.0,69298.0,75571.99,104126.994787,1,70104.68000000001,67434.54666666666,0.10237558346658833,0.0988135539742867
2024-11-07,75571.99,76849.99,74416.0,75857.89,44869.422345,1,70899.80571428571,67891.12666666666,0.03220756790975075,0.11802326926702
2024-11-08,75857.89,77199.99,75555.0,76509.78,36521.099583,1,71901.77285714286,68420.25200000001,0.021685153647168477,0.10289120929320061
2024-11-09,76509.78,76900.0,75714.66,76677.46,16942.07915,1,72945.01857142858,68965.28766666666,0.015492659892630675,0.01462803877468355
2024-11-10,76677.46,81500.0,76492.0,80370.01,61830.100435,1,74601.30714285714,69559.62133333333,0.0653125442600733,0.059481222058773264
2024-11-11,80370.01,89530.54,80216.01,88647.99,82323.665776,0,77572.44714285714,70407.68033333334,0.11589559339360539,0.15864912956226007
2024-11-12,88648.0,89940.0,85072.0,87952.01,97299.887911,1,80226.73285714285,71243.74666666666,0.054913816442559334,0.14703864734173488
2024-11-13,87952.0,93265.64,86127.99,90375.2,86763.854127,0,82341.47714285714,72053.45366666667,0.08115392486810981,0.1244890973635564
2024-11-14,90375.21,91790.0,86668.21,87325.59,56729.51086,1,83979.72,72728.50200000001,0.056672510083240674,-0.014917427907841008
2024-11-15,87325.59,91850.0,87073.38,91032.07,47927.95068,0,86054.33285714287,73508.904,0.054698971973736396,0.03501977953659052
2024-11-16,91032.08,91779.66,90056.17,90586.92,22717.87689,0,88041.39857142858,74281.07533333334,0.018932776225699832,0.002342678079827243
2024-11-17,90587.98,91449.99,88722.0,89855.99,23867.55609,1,89396.53857142858,74995.34166666666,0.030114260192135926,0.028976614987657134
2024-11-18,89855.98,92594.0,89376.9,90464.08,46545.03448,1,89655.98000000001,75731.54433333334,0.03580284806865393,-0.006239449459954138
2024-11-19,90464.07,93905.51,90357.0,92310.79,43660.04682,1,90278.66285714286,76507.50433333333,0.03922562847327115,0.01903001007209415
2024-11-20,92310.8,94831.97,91500.0,94286.56,42203.198712,1,90837.42857142857,77404.473,0.03609512646407572,0.04930745295889549
2024-11-21,94286.56,98988.0,94040.0,98317.12,69228.360477,1,92407.64714285715,78434.17699999998,0.05247831716418544,0.0868083774244981
2024-11-22,98317.12,99588.01,97122.11,98892.0,46189.309243,0,93530.49428571427,79508.28866666667,0.02508108455577212,0.0712940491572005
2024-11-23,98892.0,98908.85,97136.0,97672.4,24757.84367,1,94542.70571428571,80490.75933333334,0.01792713262953531,0.035910102139689926
2024-11-24,97672.4,98564.0,95734.77,97900.04,31200.97838,0,95691.85571428572,81530.81633333334,0.028966524831989346,-0.004242190983625216
2024-11-25,97900.05,98871.8,92600.19,93010.01,50847.45096,0,96055.55999999998,82394.72466666666,0.06406135645487414,-0.05947892650568298
2024-11-26,93010.01,94973.37,90791.1,91965.16,57858.73138,1,96006.18428571429,83192.84000000001,0.04496580529343013,-0.05843247427113485
2024-11-27,91965.16,97208.21,91792.14,95863.11,41153.42734,0,96231.4057142857,84056.20333333334,0.058892628469303016,-0.020806222346793635
2024-11-28,95863.11,96564.0,94640.0,95643.98,28814.54357,1,95849.52857142857,84819.78866666667,0.020070285639595876,0.028319209943101775
2024-11-29,95643.99,98619.99,95364.99,97460.0,27701.78231,0,95644.95714285714,85656.96399999999,0.034032457240648364,0.05974914848188151
2024-11-30,97460.0,97463.95,96092.01,96407.99,14503.83306,1,95464.32714285715,86527.49666666667,0.014076954648060767,0.005683938274066103
2024-12-01,96407.99,97836.0,95693.88,97185.18,16938.60452,0,95362.2042857143,87450.469,0.02221932020364697,0.016113925832028198
2024-12-02,97185.17,98130.0,94395.0,95840.62,37958.66981,1,95766.57714285715,88332.66500000001,0.038431789541552484,-0.016615842396880853
2024-12-03,95840.61,96305.52,93578.17,95849.69,35827.32283,1,96321.51,89235.12166666666,0.028457143584541104,-0.005791013794603561
2024-12-04,95849.69,99000.0,94587.83,98587.32,43850.53728,0,96710.68285714286,90259.69866666666,0.04603217809050815,0.014427508391711807
2024-12-05,98587.32,104088.0,90500.0,96945.63,109921.729662,1,96896.63285714286,91178.81933333333,0.13782705524402122,0.011529662475054936
2024-12-06,96945.63,101898.99,95981.72,99740.84,45049.5331,1,97222.46714285715,91984.44766666667,0.061036995685107245,0.04059637542907013
2024-12-07,99740.84,100439.18,98844.0,99831.99,14931.9459,1,97711.61,92783.58433333335,0.015993248101780506,0.012625051578641022
2024-12-08,99831.99,101351.0,98657.7,101109.59,14612.99688,0,98272.23999999999,93603.578,0.026978326285993125,0.0429514976590486
2024-12-09,101109.6,101215.93,94150.05,97276.47,53949.11595,0,98477.36142857143,94290.21166666666,0.06988337408119495,-0.02470773255970171
2024-12-10,97276.48,98270.0,94256.54,96593.0,51708.68933,1,98583.54857142859,94830.97799999999,0.04125827743767051,-0.032444409852994016
2024-12-11,96593.0,101888.0,95658.24,101125.0,37753.78291,0,98946.07428571429,95246.87833333333,0.06449494269771096,0.00015240888623924143
2024-12-12,101125.0,102540.0,99311.64,100004.29,29232.08745,1,99383.0257142857,95648.621,0.03192444993819531,0.028041930386659697
2024-12-13,100004.29,101895.26,99205.0,101424.25,21904.03923,0,99623.51285714285,96016.92266666665,0.026901445927969638,0.05001656434731294
2024-12-14,101424.24,102650.0,100609.41,101420.0,14191.70326,1,99850.37142857142,96486.73633333333,0.02011935213909413,0.0029171817058095684
2024-12-15,101420.0,105250.0,101237.14,104463.99,22228.921775,1,100329.57142857143,96934.467,0.039566752119897464,0.044595086870773404
2024-12-16,104463.99,107793.07,103333.0,106058.66,41302.40274,1,101584.17000000001,97450.19166666667,0.04269480803863615,0.04569331298974366
2024-12-17,106058.65,108353.0,105321.49,106133.74,29064.936466,0,102947.13285714285,97992.78333333334,0.028583335729806054,0.046477420627095256
2024-12-18,106133.74,106524.98,100000.0,100204.01,50307.99755,0,102815.56285714285,98317.44766666667,0.06147884734863763,-0.04077941116359818
2024-12-19,100204.01,102800.11,95700.0,97461.86,55147.398,1,102452.35857142857,98489.15,0.0708565455614002,-0.08105703013785015
2024-12-20,97461.86,98233.0,92232.54,97805.44,62884.1357,0,101935.38571428573,98606.446,0.06156726333767903,-0.07846986264688305
2024-12-21,97805.44,99540.61,96398.39,97291.99,23483.54143,0,101345.67000000001,98572.275,0.032127251817485825,-0.029060912831731844
2024-12-22,97292.0,97448.08,94250.35,95186.27,19353.83036,0,100020.28142857144,98448.75066666664,0.032867347777823415,-0.023348518076712232
2024-12-23,95186.28,96538.92,92520.0,94881.47,32810.76703,1,98423.54000000001,98355.71966666666,0.04222163110061659,-0.029895780848181897
2024-12-24,94881.47,99487.99,93569.02,98663.58,23674.22488,1,97356.37428571428,98381.171,0.0623827813797573,0.014097666210753701
2024-12-25,98663.58,99569.15,97632.02,99429.6,14474.1651,0,97245.74428571427,98595.15733333334,0.019633688540391398,0.04457922345313037
2024-12-26,99429.61,99963.7,95199.14,95791.6,21192.36727,0,97007.13571428573,98722.70533333333,0.047918924754909505,0.009592283930677015
2024-12-27,95791.6,97544.58,93500.01,94299.03,26501.26429,1,96506.22,98670.56933333333,0.042222595718205004,-0.0442366879450351
2024-12-28,94299.03,95733.99,94135.66,95300.0,8385.8929,0,96221.65000000001,98659.10333333333,0.016949591103959414,-0.04153290368260565
2024-12-29,95300.0,95340.0,93009.52,93738.2,13576.00578,0,96014.78285714285,98535.04333333335,0.024454144805876137,-0.021436117571895785
2024-12-30,93738.19,95024.5,91530.45,92792.05,27619.4225,1,95716.29428571429,98414.512,0.037274562267524076,-0.0159808642782433
2024-12-31,92792.05,96250.0,92033.73,93576.0,19612.03389,1,94989.49714285714,98294.206,0.045437836538798355,-0.018090241343126978
2025-01-01,93576.0,95151.15,92888.0,94591.79,10373.32613,1,94298.38142857142,98252.57833333334,0.024185154313071666,0.009106106155228
2025-01-02,94591.78,97839.5,94392.0,96984.79,21970.48948,1,94468.83714285714,98290.41500000001,0.036446084427209216,0.0451842587807898
2025-01-03,96984.79,98976.91,96100.01,98174.18,15253.82936,1,95022.43000000001,98276.64366666667,0.02966341423227301,0.04913845430452235
2025-01-04,98174.17,98778.43,97514.79,98220.5,8990.05651,1,95439.64428571428,98319.13933333333,0.012871410066415631,0.03836178594357942
2025-01-05,98220.51,98836.85,97276.79,98363.61,8095.63723,1,96100.41714285713,98273.23166666667,0.015883240679568984,0.014216868438855279
2025-01-06,98363.61,102480.0,97920.0,102235.6,25263.43375,0,97449.49571428572,98353.35199999998,0.04635860761922016,0.04136953321127823
2025-01-07,102235.6,102724.38,96181.81,96954.61,32059.87537,0,97932.15428571428,98214.85266666667,0.06399502717253096,-0.012888246343685905
2025-01-08,96954.6,97268.65,92500.9,95060.61,33704.67894,0,97999.12857142858,98140.99066666668,0.04917507781992809,-0.03357949143997463
2025-01-09,95060.61,95382.32,91203.67,92552.49,34544.83685,1,97365.94285714286,98006.30700000002,0.043957744432736215,-0.09471368094871058
2025-01-10,92552.49,95836.0,92206.02,94726.11,31482.86424,0,96873.36142857143,97793.01066666668,0.03922077082961242,-0.022984982354113948
2025-01-11,94726.1,95050.94,93831.73,94599.99,7047.9043,0,96356.14571428571,97612.86733333333,0.012870898305746847,-0.004845540124348013
2025-01-12,94599.99,95450.1,93711.19,94545.06,8606.86622,0,95810.63857142859,97383.561,0.01838171441667175,0.02152908041696122
2025-01-13,94545.07,95940.0,89256.69,94536.1,42619.56423,1,94710.70999999999,97154.09766666667,0.07068914328372698,-0.0020058883448290654
2025-01-14,94536.11,97371.0,94346.22,96560.86,27846.61753,1,94654.45999999999,96890.65999999999,0.031996027761243814,0.020728014876111533
2025-01-15,96560.85,100681.94,96500.0,100497.35,30509.99179,0,95431.13714285714,96705.283,0.04330885653968458,0.06295717618667762
2025-01-16,100497.35,100866.66,97335.13,99987.3,27832.85317,1,96493.25285714286,96500.40166666667,0.03514052858110188,0.05766262835043956
2025-01-17,99987.3,105865.22,99950.77,104077.48,39171.85292,1,97829.16285714286,96629.51733333334,0.05915201230556277,0.0778433414946802
2025-01-18,104077.47,104988.88,102277.55,104556.23,24307.82998,0,99251.48285714285,96865.99633333334,0.026051075223100656,0.04038793062702628
2025-01-19,104556.23,106422.43,99651.6,101331.57,43397.28298,1,100220.9842857143,96983.534,0.0647577863126854,0.013444407439744843
2025-01-20,101331.57,109588.0,99550.0,102260.01,89529.231732,1,101324.40000000001,97149.13466666666,0.09906093431691623,-0.017462663392695532
2025-01-21,102260.0,107240.81,100119.04,106143.82,45941.02002,0,102693.39428571428,97514.38633333334,0.06964375122237439,0.015184078461895734
2025-01-22,106143.82,106394.46,103339.12,103706.66,22248.69254,1,103151.86714285715,97808.55933333334,0.028784907119416003,0.023438796023786068
2025-01-23,103706.66,106850.0,101262.28,103910.34,53953.12031,1,103712.30142857143,97983.45133333333,0.05388004974801041,0.016138566776983554
2025-01-24,103910.35,107120.0,102750.0,104870.5,23609.24017,0,103825.59,98164.81466666666,0.0420554834046849,-0.011996176508439316
2025-01-25,104870.51,105286.52,104106.09,104746.85,9068.32377,0,103852.82142857143,98463.323,0.011256071892851553,0.010030117641432135
2025-01-26,104746.86,105500.0,102520.44,102620.0,9812.51238,0,104036.88285714285,98740.68866666667,0.028445339554808588,-0.012417820979124805
2025-01-27,102620.01,103260.0,97777.77,102082.83,50758.1341,0,104011.57142857143,98966.78300000001,0.053422621962324855,-0.026582022589765497
2025-01-28,102082.83,103800.0,100272.68,101335.52,22022.05765,1,103324.67142857144,99220.02699999999,0.034553509145465566,-0.03256737553444333
2025-01-29,101335.52,104782.68,101328.01,103733.24,23155.35802,1,103328.46857142857,99584.73333333334,0.03409140250131443,0.01084817774312996
2025-01-30,103733.25,106457.44,103278.54,104722.94,19374.07472,0,103444.55428571429,99956.298,0.03064494749754788,0.025862429558428213
2025-01-31,104722.94,106012.0,101560.0,102429.56,21983.18193,0,103095.84857142858,100217.557,0.04251217546031462,0.010796214397478687
2025-02-01,102429.56,102783.71,100279.51,100635.65,12290.95747,0,102508.53428571428,100339.25233333332,0.024448020669033545,-0.029861112985577365
2025-02-02,100635.66,101456.6,96150.0,97700.59,34619.49939,1,101805.76142857144,100323.46600000001,0.05273081132473326,-0.06705646346445204
2025-02-03,97700.59,102500.01,91231.0,101328.52,75164.7385,0,101698.00285714286,100427.06666666667,0.1153422922011013,-0.01074924074651884
2025-02-04,101328.51,101732.31,96150.0,97763.13,40267.98697,0,101187.66142857143,100407.05066666666,0.0550912077953184,-0.028543761579519655
2025-02-05,97763.14,99149.0,96155.0,96612.43,26233.30444,0,100170.40285714285,100219.61166666666,0.03062503925303545,-0.011137701420226853
2025-02-06,96612.44,99120.0,95676.64,96554.35,23515.20405,0,99003.46142857142,100206.26966666666,0.03564095886616672,-0.047115757735334496
2025-02-07,96554.35,100137.99,95620.34,96506.8,31794.22065,0,98157.35285714285,100254.47600000001,0.046788673943742656,-0.012850754676123843
2025-02-08,96506.8,96880.0,95688.0,96444.74,10147.24294,1,97558.65142857144,100384.21766666666,0.012351461244181757,-0.001735697984203366
2025-02-09,96444.75,97323.09,94713.0,96462.75,14120.91613,1,97381.81714285714,100442.10566666667,0.027063059420030604,-0.0009486884847756949
2025-02-10,96462.75,98345.0,95256.0,97430.82,20572.87537,0,96825.00285714286,100536.46666666666,0.03202272379752806,0.009574662096349718
2025-02-11,97430.82,98478.42,94876.88,95778.2,18647.76379,1,96541.44142857143,100577.57133333334,0.03696509995502443,-0.006911107853056708
2025-02-12,95778.21,98119.99,94088.23,97869.99,29151.16625,0,96721.09285714287,100688.70100000002,0.04209475203180357,0.014588429212312626
2025-02-13,97870.0,98083.91,95217.36,96608.14,19921.77616,1,96728.77714285716,100690.277,0.029289363441299714,-0.008443734744303821
2025-02-14,96608.13,98826.0,96252.82,97500.48,18173.02646,1,96870.73142857142,100590.38133333334,0.02663523245921428,0.01798196249250883
2025-02-15,97500.47,97972.26,97223.58,97569.66,7349.37683,0,97031.43428571429,100509.79333333332,0.0076787322153420694,-0.003068662825039592
2025-02-16,97569.67,97704.47,96046.18,96118.12,8191.4249,0,96982.20142857144,100244.48133333333,0.01699595786272525,-0.005072243394811271
2025-02-17,96118.12,97046.59,95205.0,95780.0,16492.0451,0,96746.37,99951.94033333333,0.019159654808063212,-0.017645861846013466
2025-02-18,95780.01,96753.91,93388.09,95671.74,23368.19471,1,96731.16142857143,99763.27933333332,0.03514115314876254,-0.01945194848480558
2025-02-19,95671.74,96899.99,95029.99,96644.37,16438.50954,1,96556.07285714286,99576.09133333334,0.019546001776491156,0.0054750342599292345
2025-02-20,96644.37,98711.36,96415.09,98305.0,17057.39177,0,96798.48142857142,99314.79733333334,0.023759997607724116,0.026362497389851747
2025-02-21,98305.01,99475.0,94871.95,96181.98,32249.2814,1,96610.12428571428,99063.97466666666,0.04682416491285646,0.005333236334992941
2025-02-22,96181.99,96980.0,95770.49,96551.01,11268.17708,0,96464.60285714285,98818.66366666667,0.012575223282446066,-0.0009660159200168827
2025-02-23,96551.01,96650.0,95227.94,96258.0,10884.84913,0,96484.58571428571,98531.58033333333,0.014728587510374027,-0.020822948985300904
2025-02-24,96258.0,96500.0,91349.26,91552.88,31550.10299,0,95880.71142857142,98091.78133333333,0.05350973425585411,-0.048128557968966645
2025-02-25,91552.88,92540.69,86050.99,88680.4,78333.11111,0,94881.94857142857,97627.128,0.07088471711649046,-0.08151763508222232
2025-02-26,88680.39,89414.15,82256.01,84250.09,56893.54409,1,93111.33714285714,97032.70333333332,0.08071840910938709,-0.12474713790022651
2025-02-27,84250.09,87078.46,82716.49,84708.58,42505.45439,0,91168.99142857142,96478.47200000001,0.05177406932146899,-0.07475788855577237
2025-02-28,84708.57,85120.0,78258.52,84349.94,83648.03969,1,89478.7,95832.362,0.08100101323868406,-0.04883221095078494
2025-03-01,84349.95,86558.0,83824.78,86064.53,25785.05464,1,87980.63142857143,95210.41500000001,0.03240333870974436,0.02153635681576138
2025-03-02,86064.54,95000.0,85050.6,94270.0,54889.09045,0,87696.63142857143,94938.42966666668,0.1156039409494316,0.11287428026771318
2025-03-03,94269.99,94416.46,85117.11,86220.61,59171.10218,1,86934.87857142858,94457.92833333333,0.09864592114627364,0.022177490582684367
2025-03-04,86221.16,88967.52,81500.0,87281.98,55609.10706,1,86735.10428571429,94110.64133333332,0.08660890203750453,0.014145781078453545
2025-03-05,87281.98,91000.0,86334.53,90606.01,38264.01163,0,87643.09285714287,93753.22433333335,0.0534528433016758,-0.03886697782963833
2025-03-06,90606.0,92810.64,87836.0,89931.89,34342.44902,0,88389.28000000001,93492.18299999999,0.054904090236849654,0.043044000732539445
2025-03-07,89931.88,91283.02,84667.03,86801.75,57980.35713,0,88739.53857142858,93165.16033333333,0.07356668180404996,-0.005502052084519593
2025-03-08,86801.74,86897.25,85218.47,86222.45,12989.23054,0,88762.09857142856,92820.76366666667,0.01934039571096154,-0.04838045511550504
2025-03-09,86222.46,86500.0,80000.0,80734.37,26115.39345,0,86828.43714285713,92295.016,0.07538639004268725,-0.10227206389190757
2025-03-10,80734.48,84123.46,77459.91,78595.86,47633.38405,1,85739.18714285713,91700.05333333333,0.08253660641649024,-0.09453599725811979
2025-03-11,78595.86,83617.4,76606.0,82932.99,48770.06853,1,85117.90285714285,91249.06133333333,0.089208261096704,-0.038150852823133574
2025-03-12,82932.99,84539.85,80607.65,83680.12,31933.986,0,84128.48999999999,90790.70466666667,0.0474141834268849,0.03648693858637908
2025-03-13,83680.12,84336.33,79939.9,81115.78,27546.27412,1,82869.04571428572,90301.95733333334,0.05253852408433458,0.03206173963870351
2025-03-14,81115.78,85309.71,80818.84,83983.2,26858.52755,1,82466.39571428571,89839.06433333333,0.055363703585171835,0.012663356283187044
2025-03-15,83983.19,84676.28,83618.0,84338.44,11324.7332,0,82197.25142857143,89430.07433333334,0.012601093147331018,0.007867101529013265
2025-03-16,84338.44,85117.04,81981.12,82574.53,17596.12531,1,82460.13142857143,88932.54266666668,0.03718257060481553,0.017983553878172742
2025-03-17,82574.52,84756.83,82456.0,84010.03,17214.74358,0,83233.58428571429,88480.555,0.027863679982638733,0.00031946865563581284
2025-03-18,84010.02,84021.74,81134.66,82715.03,17610.89883,1,83202.44714285714,88033.78533333333,0.03436590063899522,-0.019248755371809145
2025-03-19,82715.03,87000.0,82547.16,86845.94,28151.05374,0,83654.70714285715,87735.98333333334,0.05383350522873529,0.05172793596282044
2025-03-20,86845.93,87453.67,83655.23,84223.39,22090.30463,0,84098.65142857144,87354.37166666666,0.043737685807498435,0.002539696748114384
2025-03-21,84223.38,84850.33,83175.25,84088.79,11956.97443,0,84113.73571428572,86935.85233333333,0.01988853926308825,0.016608347962879133
2025-03-22,84088.79,84539.17,83625.1,83840.59,5420.22114,1,84042.61428571427,86453.70533333333,0.010870295553069469,-0.03460553250963727
2025-03-23,83840.59,86129.64,83809.75,86082.5,8461.97813,1,84543.75285714286,86117.05600000001,0.027670248980833742,0.022073559375845653
2025-03-24,86082.5,88765.43,85519.09,87498.16,30115.62111,0,85042.05714285714,85815.29433333332,0.037711962361687876,0.04054488119046562
2025-03-25,87498.16,88539.63,86310.0,87392.87,22643.25248,0,85710.31999999999,85519.79,0.025482021564796387,0.042369453745494834
2025-03-26,87392.88,88275.0,85860.0,86909.17,18408.78485,1,85719.35285714285,85364.99966666666,0.027633830124376264,0.00960322946011094
2025-03-27,86909.17,87756.39,85800.0,87232.01,17098.03897,0,86149.1557142857,85316.72,0.02251074311260825,-0.0030417782499655432
2025-03-28,87232.01,87515.67,83585.0,84424.38,27182.73169,0,86197.09714285715,85322.52966666667,0.04505994989683258,-0.03396718748337235
2025-03-29,84424.38,84624.73,81644.81,82648.54,11696.39864,0,86026.80428571429,85253.86166666666,0.03529691304810291,-0.04902394074181127
2025-03-30,82648.53,83534.64,81565.0,82389.99,9864.49508,1,85499.30285714286,85188.53,0.02383151884250088,-0.05550737624869573
2025-03-31,82390.0,83943.08,81278.52,82550.01,20569.13885,1,84792.42428571428,85071.37933333333,0.0323408180604442,-0.02220176209763114
2025-04-01,82550.0,85579.46,82432.74,85158.34,20190.39697,0,84473.20571428571,84767.65733333332,0.0381189582071472,0.03036714260167206
2025-04-02,85158.35,88500.0,82320.0,82516.29,39931.457,1,83845.65142857142,84644.18,0.07257068743112095,0.00153295321434066
2025-04-03,82516.28,83998.02,81211.24,83213.09,27337.84135,1,83271.52,84508.55033333333,0.0337724870777015,0.00803246419958037
2025-04-04,83213.09,84720.0,81659.0,83889.87,32915.53976,0,83195.16142857143,84284.679,0.036785077924639024,-0.01489542891512452
2025-04-05,83889.87,84266.0,82379.95,83537.99,9360.40468,0,83322.22571428571,84071.54900000001,0.022482452291319597,0.012381797582029064
2025-04-06,83537.99,83817.63,77153.83,78430.0,27942.71436,1,82756.51285714285,83792.49066666668,0.07976969520094992,-0.05748001906911515
2025-04-07,78430.0,81243.58,74508.0,79163.24,78387.53089,0,82272.68857142856,83557.18366666666,0.08588014790258831,-0.05634327481971291
2025-04-08,79163.24,80867.99,76239.9,76322.42,35317.32063,1,81010.41428571429,83410.11866666665,0.05846261471864985,-0.08637471406721664
2025-04-09,76322.42,83588.0,74620.0,82615.22,75488.28772,0,81024.54714285715,83544.09733333332,0.11750151528214121,0.05336248884355488
2025-04-10,82615.22,82753.21,78464.36,79607.3,33284.80718,1,80509.43428571429,83433.241,0.05191355781658641,0.005609421746760157
2025-04-11,79607.3,84300.0,78969.58,83423.84,34435.43797,1,80442.85857142857,83424.69833333333,0.0669589346705641,0.09304500564840579
2025-04-12,83423.83,85905.0,82792.95,85276.9,18470.74437,0,80691.27428571429,83563.40233333333,0.03730408925123676,0.032217792314781724
2025-04-13,85276.91,86100.0,83034.23,83760.0,24680.04181,1,81452.70285714287,83555.96233333334,0.035950763225356126,0.05216481403087392
2025-04-14,83760.0,85799.99,83678.0,84591.58,28659.09348,0,82228.18000000001,83564.40033333334,0.025334169054441323,0.013997677402526776
2025-04-15,84591.58,86496.42,83600.0,83643.99,20910.99528,1,83274.11857142857,83600.04899999998,0.03424005084193957,-0.019148327389949538
2025-04-16,83643.99,85500.0,83111.64,84030.38,20867.24519,1,83476.28428571428,83600.72733333333,0.028553874582023173,0.003228032473734599
2025-04-17,84030.38,85470.01,83736.26,84947.91,13728.84772,0,84239.22857142857,83675.15666666666,0.02063241889421421,0.004212357778398346
2025-04-18,84947.92,85132.08,84303.96,84474.69,6529.96315,1,84389.34999999999,83596.11499999999,0.009748561236107903,0.009931377018241205
2025-04-19,84474.7,85677.99,84364.45,85077.01,9666.58153,1,84360.79428571429,83624.569,0.0155495077224306,0.012455376257967554
2025-04-20,85077.0,85320.76,83949.52,85179.24,8091.67725,1,84563.54285714286,83660.91733333333,0.01611763461335015,0.00272319825172862
2025-04-21,85179.24,88465.99,85144.76,87516.23,31773.37262,1,84981.34999999999,83783.43866666665,0.038991073411784496,0.0360053407713008
2025-04-22,87516.22,93888.0,87076.03,93442.99,43872.74705,1,86381.20714285715,84028.78833333333,0.07783665702197834,0.09833420332943077
2025-04-23,93442.99,94696.05,91935.41,93691.08,27404.16808,1,87761.30714285714,84235.21900000001,0.02954357517883363,0.09992857414553113
2025-04-24,93691.07,94005.0,91660.01,93980.47,19497.06071,1,89051.67285714285,84454.80566666667,0.025028959536912164,0.07386332797927886
2025-04-25,93980.47,95758.04,92855.96,94638.68,27500.66648,0,90503.67142857144,84712.456,0.03087960722052132,0.012795930438441516
2025-04-26,94638.68,95199.0,93870.69,94628.0,9415.06875,0,91868.09857142858,84958.989,0.014035593057722253,0.010000098195046991
2025-04-27,94628.0,95369.0,93602.58,93749.3,11162.841,1,93092.39285714286,85269.81966666666,0.018666990742697703,-0.0024597663748648912
2025-04-28,93749.29,95630.0,92800.01,95011.18,22157.53351,0,94163.1,85681.90766666667,0.0301867886146125,0.003936022776310999
2025-04-29,95011.18,95461.53,93742.54,94256.82,16955.3402,0,94279.36142857141,86077.46866666667,0.01809250237708873,-0.003922517648053403
2025-04-30,94256.82,95228.45,92910.0,94172.0,17661.2751,1,94348.06428571428,86464.86833333333,0.024597159123339797,0.004508833665958001
2025-05-01,94172.0,97424.02,94130.43,96489.91,21380.45343,1,94706.55571428571,86842.58733333334,0.034974196151722495,0.01556374734005006
2025-05-02,96489.9,97895.68,96350.0,96887.14,14905.74811,0,95027.76428571428,87321.61566666668,0.016019085935419074,0.02790588521870352
2025-05-03,96887.13,96935.67,95753.01,95856.42,9723.34838,0,95203.25285714286,87743.06000000001,0.012206574805136693,0.017886632969460026
2025-05-04,95856.42,96304.48,94151.38,94277.62,11036.38342,1,95278.72714285715,88089.31833333334,0.022461719308941346,-0.0229276822830492
2025-05-05,94277.61,95199.0,93514.1,94733.68,17251.18189,1,95239.08428571429,88462.50799999999,0.017871687667941456,-0.022226479179796255
2025-05-06,94733.68,96920.65,93377.0,96834.02,16122.64513,1,95607.25571428573,89075.97533333332,0.037406442988385906,0.010198586594408754
2025-05-07,96834.02,97732.0,95784.61,97030.5,16644.83854,1,96015.61285714286,89671.55066666666,0.020110597494558208,0.029199718872835456
2025-05-08,97030.5,104145.76,96876.29,103261.6,34962.02847,0,96982.99714285714,90569.52333333335,0.07491943254955917,0.09001993799881958
2025-05-09,103261.61,104361.3,102315.14,102971.99,27617.39907,1,97852.26142857142,91248.08233333334,0.019815302124381012,0.0633865040406254
2025-05-10,102971.99,104984.57,102818.76,104809.53,15324.78611,0,99131.27714285713,92088.15666666668,0.02103300130452963,0.08017097716697319
2025-05-11,104809.53,104972.0,103345.06,104118.0,17987.12197,0,100537.0457142857,92777.962,0.01552282507134611,0.008293499229142132
2025-05-12,104118.0,105819.45,100718.37,102791.32,31272.77792,1,101688.13714285716,93361.776,0.04899325764997409,-0.001754554806603248
2025-05-13,102791.32,104976.25,101429.7,104103.72,21253.42409,0,102726.66571428571,94039.9,0.03450242685861027,-0.006734215867583826
2025-05-14,104103.72,104356.95,102602.05,103507.82,16452.9081,1,103651.99714285714,94670.44133333332,0.016857226619759545,-0.005860466009719678
2025-05-15,103507.83,104192.7,101383.07,103763.71,17998.98604,0,103723.72714285715,95341.09866666667,0.02714413006243093,0.009459845442202797
2025-05-16,103763.71,104550.33,103100.49,103463.9,15683.88024,0,103794.0,95988.88266666669,0.013972515053673355,-0.006145985945555155
2025-05-17,103463.9,103709.86,102612.5,103126.65,11250.89622,1,103553.58857142857,96594.84066666667,0.010606211441865236,-0.003682523697243534
2025-05-18,103126.65,106660.0,103105.09,106454.26,21599.98726,0,103887.34,97327.493,0.034471303004606504,0.025929585594038462
2025-05-19,106454.27,107108.62,102000.0,105573.74,30260.03524,1,104284.82857142856,98010.71733333333,0.04798886883541632,0.020392040122207078
2025-05-20,105573.73,107320.0,104184.72,106849.99,23705.48275,1,104677.15285714285,98733.07566666667,0.029697539340515854,0.03610453747891551
2025-05-21,106850.0,110797.38,106100.01,109643.99,45531.040345,1,105553.74857142857,99470.66766666668,0.04396228357510538,0.029963385213518157
2025-05-22,109643.99,111980.0,109177.37,111696.21,31630.77313,0,106686.96285714286,100079.10833333334,0.025561182149609882,0.05799235681145709
2025-05-23,111696.22,111800.0,106800.0,107318.3,31737.72309,1,107237.59142857145,100533.34899999999,0.04476427223768181,0.004382873596899817
2025-05-24,107318.3,109506.03,106875.41,107761.91,16782.53129,1,107899.77142857143,100992.73033333334,0.024512315234214436,-0.017165373131714734
2025-05-25,107761.9,109299.99,106600.64,109004.19,17710.04695,1,108264.04714285715,101471.58066666666,0.025049205702572113,-0.02410126538760804
2025-05-26,109004.2,110422.22,108670.58,109434.79,14649.11593,0,108815.62571428572,101965.14033333333,0.016069472552433753,0.019721613182467346
2025-05-27,109434.78,110718.0,107516.57,108938.17,21276.65635,0,109113.93714285715,102471.436,0.02925422795202762,0.0109153596108309
2025-05-28,108938.17,109284.7,106769.43,107781.78,15633.78829,0,108847.90714285716,102897.12266666668,0.023088968724185508,-0.011214339558873854
2025-05-29,107781.78,108891.91,105322.86,105589.75,19834.70116,0,107975.55571428571,103274.88700000002,0.0331136672636136,-0.0351354445875941
2025-05-30,105589.75,106313.12,103621.0,103985.48,23706.49799,1,107499.43857142857,103602.00300000001,0.025496035363280958,-0.045463311895178715
2025-05-31,103985.47,104900.0,103068.55,104591.88,11289.35922,1,107046.57714285715,103872.06866666667,0.017612556831257262,-0.02959591129409811
2025-06-01,104591.88,105866.91,103752.49,105642.93,9709.70006,1,106566.39714285712,104163.92833333333,0.020215909686296853,0.0005036473710753331
2025-06-02,105642.93,105935.63,103659.88,105857.99,13453.98813,0,106055.42571428571,104497.314,0.021541905359875952,0.01800741795873817
2025-06-03,105858.0,106794.67,104872.5,105376.89,13259.52634,0,105546.67142857143,104867.28966666666,0.018158004118725066,0.007505458358717743
2025-06-04,105376.9,106000.0,104179.0,104696.86,14034.89482,0,105105.96857142857,105199.39566666666,0.0172808272021667,-0.008955355554791877
2025-06-05,104696.86,105909.71,100372.26,101508.68,22321.50154,1,104522.95857142856,105355.21766666668,0.0528903159082327,-0.0410862703892263
2025-06-06,101508.69,105333.0,101095.8,104288.44,15839.07385,1,104566.23857142856,105597.149,0.041742239014216385,-0.010329114856208022
2025-06-07,104288.43,105900.0,103871.09,105552.15,8344.93206,1,104703.42,105673.50066666667,0.019454794745687547,0.00816920392836984
2025-06-08,105552.15,106488.14,104964.14,105734.0,8048.06305,1,104716.43000000001,105765.56766666665,0.014438360563948722,0.04162520879987808
2025-06-09,105734.01,110530.17,105318.37,110263.02,19975.37451,1,105345.72,105947.35066666667,0.049291613928195886,0.05728899578898683
2025-06-10,110263.02,110400.0,108331.03,110274.39,17071.82839,0,106045.36285714286,106152.56366666667,0.01876395186709017,0.04473845393011899
2025-06-11,110274.39,110392.01,108064.0,108645.12,13115.91638,0,106609.4,106347.69033333333,0.021111066676496645,0.027532487184822152
2025-06-12,108645.13,108813.55,105671.72,105671.73,17778.67218,1,107204.12142857142,106399.95733333332,0.02891827733097656,-0.04163943632235001
2025-06-13,105671.74,106179.53,102664.31,106066.59,26180.81734,0,107458.14285714284,106485.24966666667,0.03326546908378722,-0.03815754501113089
2025-06-14,106066.59,106252.0,104300.0,105414.64,8798.93969,1,107438.49857142857,106540.28066666666,0.018403533101233858,-0.029734239328927048
2025-06-15,105414.63,106128.57,104494.53,105594.01,7164.20047,1,107418.5,106611.28433333333,0.01550107418676144,-0.0007354852617630359
2025-06-16,105594.02,108952.38,104980.37,106794.53,14922.6654,0,106923.00142857143,106733.54699999999,0.03761586120123099,0.006863047072598549
2025-06-17,106794.53,107771.34,103371.02,104551.17,17866.33025,1,106105.39857142858,106670.11066666667,0.04120360846196891,-0.008191177240656544
2025-06-18,104551.17,105550.27,103500.0,104886.78,13968.64167,0,105568.49285714285,106647.212,0.019610206179423953,-0.006697633701002514
2025-06-19,104886.79,105226.17,103929.27,104658.59,7678.60737,0,105423.75857142858,106574.16533333334,0.012364760138049742,-0.020000462570508026
2025-06-20,104658.59,106524.65,102345.0,103297.99,16419.06283,0,105028.2442857143,106362.632,0.0399360434723991,-0.011986283845508261
2025-06-21,103297.98,103982.64,100837.9,102120.01,11154.21332,0,104557.58285714287,106043.42533333333,0.030443383307205092,-0.026378634180589833
2025-06-22,102120.02,103399.62,98200.0,100963.87,28746.41072,1,103896.13428571427,105831.611,0.050916754618731914,-0.035302596757705196
2025-06-23,100963.87,106074.2,99613.33,105333.93,27666.50609,1,103687.47714285714,105750.67833333333,0.06399190126131254,0.01970938640722819
2025-06-24,105333.94,106290.0,104622.02,106083.0,14651.69335,1,103906.30999999998,105653.30533333334,0.015835161962041825,0.0388071838222499
2025-06-25,106083.0,108135.3,105808.03,107340.58,16701.15551,0,104256.85285714285,105583.49833333334,0.021938199334483415,0.06315833574921403
2025-06-26,107340.59,108272.45,106562.5,106947.06,10573.27279,1,104583.77714285713,105517.128,0.01593013416453177,0.015314438566946142
2025-06-27,106947.06,107735.34,106356.76,107047.59,12232.44042,1,105119.43428571428,105492.655,0.012890302921838168,0.009092785837504502
2025-06-28,107047.58,107577.75,106811.51,107296.79,3282.17352,1,105858.9742857143,105549.55633333333,0.007157938554052368,-0.00040795382324199103
2025-06-29,107296.79,108528.5,107172.52,108356.93,6831.7364,0,106915.12571428569,105695.27133333332,0.012637656727661619,0.013182877584479558
2025-06-30,108356.93,108789.99,106733.33,107146.5,9754.12491,0,107174.06428571428,105780.42533333333,0.01898041961875446,0.0009239815674504381
2025-07-01,107146.51,107540.0,105250.85,105681.14,10505.62437,1,107116.6557142857,105781.699,0.021364671607129286,-0.015057766406618489
2025-07-02,105681.13,109730.0,105100.19,108849.6,17691.89592,1,107332.23,105881.41933333334,0.043809240116944224,0.004546732728585079
2025-07-03,108849.59,110529.18,108530.4,109584.78,13047.08225,0,107709.04714285713,106021.68233333333,0.01836277013078321,0.022756506278786448
2025-07-04,109584.77,109767.59,107245.0,107984.24,11793.86615,1,107842.85428571429,106131.26166666667,0.023019530907442673,0.021792914043130107
2025-07-05,107984.25,108420.56,107756.31,108198.12,3736.9757,1,107971.61571428571,106354.243,0.00615136003630159,-0.005985139127750672
2025-07-06,108198.12,109700.0,107800.01,109203.84,6447.607,0,108092.60285714285,106518.08966666667,0.017560286629749254,-0.003476212663838907
2025-07-07,109203.85,109700.0,107513.2,108262.94,9405.37601,1,108252.0942857143,106608.44933333334,0.02002493501831669,0.0025809321804737273
2025-07-08,108262.94,109216.56,107429.57,108922.98,9216.0208,1,108715.21428571429,106714.74866666667,0.016506017664031574,0.006699377031689657
2025-07-09,108922.99,111999.79,108324.53,111233.99,17282.2865,1,109055.84142857142,106747.11433333332,0.03374182071204614,0.01859046348553317
2025-07-10,111234.0,116868.0,110500.0,116010.0,24883.450665,1,109973.73,106938.30133333334,0.05724868295664994,0.07155782024763035
2025-07-11,116010.01,118869.98,115222.22,117527.66,25873.521148,0,111337.07571428572,107234.386,0.03144349353991087,0.07899783865626886
2025-07-12,117527.66,118200.0,116900.05,117420.0,8446.60437,1,112654.48714285715,107625.99500000001,0.011060800495815173,0.055612587483376164
2025-07-13,117420.0,119488.0,117224.79,119086.64,9550.792947,1,114066.31571428572,108059.99666666666,0.01927448475557832,0.026520472373071202
2025-07-14,119086.65,123218.0,118905.18,119841.18,27269.348877,0,115720.34999999999,108540.88133333334,0.03621581428312919,0.019684898006137264
2025-07-15,119841.17,119940.83,115736.92,117758.09,32018.46083,1,116982.50857142858,108946.35066666667,0.035079013330727694,0.0028793220916367712
2025-07-16,117758.08,120063.84,117017.29,118630.43,17039.90851,1,118039.14285714286,109340.88066666666,0.025871260808600166,-0.0038309083201945038
2025-07-17,118630.44,120998.71,117453.57,119177.56,15728.57651,0,118491.65142857144,109828.42699999998,0.029883898264222903,-0.005537495542016435
2025-07-18,119177.56,120820.71,116812.76,117924.84,19924.66266,0,118548.39142857143,110263.02900000001,0.033630072641191944,0.0014160385923378538
2025-07-19,117924.84,118499.9,117277.34,117840.0,6635.80306,0,118608.39142857143,110702.40933333334,0.010367281397201791,-0.006662961602684869
2025-07-20,117840.01,118856.8,116467.02,117265.12,12962.92889,1,118348.17428571428,111167.98033333333,0.02027986929057456,-0.016046980656425625
2025-07-21,117265.11,119676.73,116515.0,117380.36,17107.33128,1,117996.62857142858,111676.65866666667,0.026962239663613465,-0.004617178195874594
2025-07-22,117380.36,120247.8,116128.0,119954.42,20959.12973,0,118310.39,112309.677,0.03509786475352438,0.017943143245078064
2025-07-23,119954.43,120090.0,117301.0,118755.99,14558.75083,0,118328.32714285715,112757.07899999998,0.023250496042538822,0.012713669674324413
2025-07-24,118756.0,119450.0,117103.1,118340.99,15806.89043,0,118208.81714285714,113165.67866666666,0.019762369901310202,0.008183907427102843
2025-07-25,118340.98,118451.57,114723.16,117614.31,38406.34873,1,118164.45571428571,113508.13633333333,0.03150565425434202,-0.019508326579379065
2025-07-26,117614.31,118297.35,117138.38,117919.99,6991.67206,1,118175.88285714285,113873.90066666667,0.009853988005371125,-0.007039644905490694
2025-07-27,117919.99,119766.65,117825.5,119415.55,9328.30919,0,118483.08714285714,114286.166,0.0164615855208264,0.009080201205009297
2025-07-28,119415.56,119800.0,117427.5,118062.32,13961.74754,0,118580.51000000001,114645.01699999999,0.019867595144217386,0.003809145332740682
2025-07-29,118062.32,119273.36,116950.75,117950.76,15137.93445,0,118294.27285714285,114964.81133333335,0.019672745715991355,0.0002609396422097454
2025-07-30,117950.75,118792.0,115796.23,117840.3,15586.73631,0,118163.45999999999,115321.27133333334,0.02539848199354395,-0.013191330609790719
2025-07-31,117840.29,118922.45,115500.0,115764.08,17010.0073,0,117795.33,115657.36933333334,0.029043122687495062,-0.01946632930811465
2025-08-01,115764.07,116052.0,112722.58,113297.93,24487.10206,0,117178.7042857143,115805.64699999998,0.028760391717395545,-0.03944722357024233
2025-08-02,113297.92,114063.49,112003.0,112546.35,11507.33428,1,116411.04142857142,115904.366,0.01818647685676847,-0.04492478379637521
2025-08-03,112546.35,114799.97,111920.0,114208.8,7397.76046,1,115667.22,116111.85133333334,0.025589190586811576,-0.013434910034269665
2025-08-04,114208.81,115720.0,114107.6,115055.03,9667.67916,0,115237.60714285714,116340.415,0.014118000178795264,0.015508668163663808
2025-08-05,115055.03,115127.81,112650.0,114129.75,12042.79078,1,114691.74857142857,116504.612,0.021535868531779946,0.01406887029210635
2025-08-06,114129.75,115716.0,113355.13,114992.27,9761.15318,1,114284.88714285714,116728.923,0.020685842210291315,0.006859979266045979
2025-08-07,114992.27,117621.0,114259.0,117472.01,13468.56263,0,114528.87714285713,117013.89066666667,0.02923674782661478,0.02100716500617139
2025-08-08,117472.02,117630.0,115878.71,116674.74,10045.31278,0,115011.27857142857,117195.24900000001,0.014908145786545542,0.022299093794562852
2025-08-09,116674.74,117944.05,116299.13,116462.25,9514.13144,1,115570.69285714287,117210.324,0.014098338680677567,0.012783294042286508
2025-08-10,116462.25,119311.11,116460.63,119294.01,14322.77073,0,116297.15142857142,117269.20233333335,0.02447557041015433,0.015510077677227008
2025-08-11,119294.27,122335.16,118050.11,118686.0,26494.33429,1,116815.86142857141,117311.40233333335,0.03591999850453842,0.017238178546616023
2025-08-12,118686.0,120324.43,118207.47,120134.08,16720.10893,1,117673.62285714285,117346.317,0.01783664459161141,0.03152807025452464
2025-08-13,120134.09,123667.79,118920.92,123306.43,23210.07102,0,118861.36,117461.82533333333,0.03951309740640642,0.03363471476899793
2025-08-14,123306.44,124474.0,117180.0,118295.09,27980.947586,0,118978.94285714287,117479.72533333332,0.05915343918776667,-0.003293648787557113
2025-08-15,118295.09,119216.82,116803.99,117342.05,13623.33874,1,119074.27285714286,117436.77933333334,0.02039670454623266,-0.023240948779896575
2025-08-16,117342.04,117898.99,117143.98,117380.66,6393.68117,1,119205.47428571428,117376.88266666667,0.006434266866333749,-0.04805726676216304
2025-08-17,117380.66,118575.0,117172.21,117405.01,5898.64192,0,118935.61714285715,117359.555,0.011950776218160587,-0.007524234522328865
2025-08-18,117405.01,117543.75,114640.14,116227.05,17745.93954,0,118584.33857142857,117305.79,0.02473156809918078,-0.00950213499764152
2025-08-19,116227.05,116725.69,112732.58,112872.94,18065.47424,1,117547.03285714285,117159.384,0.0343561158955682,-0.03840257841453609
2025-08-20,112872.95,114615.38,112380.0,114271.24,15636.34194,0,116256.29142857144,117055.74666666666,0.019804390688823184,-0.02669196144184982
2025-08-21,114271.23,114821.76,112015.67,112500.0,10839.69235,1,115428.42142857143,116807.266,0.024556399716709067,-0.032066975802965025
2025-08-22,112500.0,117429.05,111684.79,116935.99,23128.09037,0,115370.41285714286,116746.59933333333,0.05106008888888897,0.03599667023823416
2025-08-23,116936.0,117030.0,114560.0,115438.05,11329.36197,0,115092.89714285715,116649.83466666666,0.021122665389614832,0.010210880708041659
2025-08-24,115438.06,115666.68,110680.0,113493.59,21175.98462,0,114534.12285714285,116512.47733333333,0.04319788464913559,0.008831911111111035
2025-08-25,113493.59,113667.28,109274.1,110111.98,25182.79379,1,113660.54142857144,116252.21033333334,0.03870861781709428,-0.05835679845016073
2025-08-26,110111.98,112371.0,108666.66,111763.22,18452.43877,0,113502.01,115997.13266666667,0.03364157106247655,-0.03183378444109197
2025-08-27,111763.22,112625.0,110345.42,111262.01,13392.60875,1,113072.12,115770.45566666666,0.020396513271539615,-0.01966260825831667
2025-08-28,111262.01,113485.9,110862.42,112566.9,11104.27744,0,113081.67714285714,115590.99366666665,0.023579297192276107,0.022294758481320454
2025-08-29,112566.9,112638.64,107463.9,108377.4,22580.31045,1,111859.02142857143,115275.56366666667,0.04597035185298703,-0.03029458170585997
2025-08-30,108377.4,108926.15,107350.1,108816.33,10708.39159,0,110913.06142857143,115043.972,0.014542238510980965,-0.021981267460474574
2025-08-31,108816.33,109480.02,108076.93,108246.35,9489.51596,1,110163.45571428571,114875.586,0.012894112492123296,-0.038382064354619216
2025-09-01,108246.36,109912.4,107255.0,109237.42,16053.60219,1,110038.51857142858,114765.28833333333,0.024549555292205615,0.007935418269860772
2025-09-02,109237.43,111771.52,108393.39,111240.01,18510.28756,1,109963.77428571429,114666.32866666667,0.030924656502812314,0.022273127571937
2025-09-03,111240.01,112575.27,110528.71,111705.71,11773.72084,0,110027.16,114554.68466666667,0.01839769701566907,0.03195821383353814
2025-09-04,111705.72,112180.0,109329.12,110730.87,12203.13536,0,109764.87,114441.38866666667,0.025521343043131584,0.013671597150500148
2025-09-05,110730.87,113384.62,110206.96,110659.99,21587.40888,0,110090.95428571428,114296.97933333334,0.028697146513885323,-0.0052141311386073586
2025-09-06,110660.0,111307.7,109977.0,110187.97,5000.29897,1,110286.90285714286,114054.178,0.012025121995300895,-0.013586950926680497
2025-09-07,110187.98,111600.0,110180.0,111137.34,5681.29944,1,110699.90142857144,113869.598,0.012887068081291626,0.003670792074513596
2025-09-08,111137.35,112924.37,110621.78,112065.23,11582.40211,0,111103.87428571428,113723.03066666666,0.02071841734574377,0.012698717937711601
2025-09-09,112065.23,113293.29,110766.66,111546.39,15379.28248,1,111147.64285714286,113464.77666666666,0.02254606535854154,0.012328206064600389
2025-09-10,111546.38,114313.13,110917.45,113960.0,17517.41823,1,111469.68428571429,113307.24333333333,0.030441866423634792,0.02539794456120692
2025-09-11,113960.0,115488.09,113430.0,115482.69,13676.73119,1,112148.5157142857,113152.197,0.018059757809757777,0.030495274939426054
2025-09-12,115482.69,116665.63,114740.99,116029.42,15324.10719,0,112915.57714285715,112909.62999999999,0.01666604752625696,0.040189825954923375
2025-09-13,116029.41,116298.78,115127.27,115918.29,8269.40394,0,113734.19428571429,112830.40333333334,0.01009666428537381,0.017184011934011867
2025-09-14,115918.29,116165.19,115135.0,115268.01,6707.60197,1,114324.29000000001,112761.26866666667,0.008887208394809847,-0.0018589799042610933
2025-09-15,115268.01,116757.99,114384.0,115349.71,13212.51149,1,114793.50142857143,112693.57033333335,0.020595393292553634,-0.005858083234407174
2025-09-16,115349.71,116964.27,114737.11,116788.96,10926.9094,0,115542.43999999999,112673.03533333333,0.019307894228776157,0.0075110666315041374
2025-09-17,116788.96,117286.73,114720.81,116447.59,16754.2454,1,115897.80999999998,112680.38666666667,0.02197056982098306,0.01023336830400745
2025-09-18,116447.6,117900.0,116092.76,117073.53,11657.23365,0,116125.07285714286,112820.40633333335,0.015519770265767651,0.014944294181580497
2025-09-19,117073.53,117459.99,115100.0,115632.38,8992.09065,1,116068.35285714285,112865.77766666668,0.020158186056233252,-0.009903162079703431
2025-09-20,115632.39,116121.81,115408.47,115685.63,4674.92752,0,116035.11571428571,112971.96533333333,0.006169032742469446,-0.006543372859841856
2025-09-21,115685.63,115819.06,115188.0,115232.29,4511.52219,0,116030.01285714286,112915.17533333335,0.00545495581430466,-0.01572721007045752
2025-09-22,115232.29,115379.25,111800.0,112650.99,20781.71356,0,115644.48142857142,112822.27333333333,0.031061172176652916,-0.02578334892008627
2025-09-23,112650.99,113290.5,111458.73,111998.8,12301.3203,1,114960.17285714287,112772.447,0.01626057613874502,-0.03186938602486755
2025-09-24,111998.8,113940.0,111042.66,113307.0,12369.25967,0,114511.51714285716,112878.94766666667,0.025869384314831913,-0.0167079036613782
2025-09-25,113307.01,113510.23,108631.51,108994.49,21231.14957,1,113357.36857142858,112786.65666666666,0.043057530156342505,-0.03245865837486206
2025-09-26,108994.49,110300.0,108620.07,109643.46,14243.01591,0,112501.80857142857,112732.705,0.015412980968120434,-0.021030046750500908
2025-09-27,109643.46,109743.91,109064.4,109635.85,5501.78643,1,111637.55428571429,112635.00333333334,0.006197451266131234,-0.03240002824185617
2025-09-28,109635.85,112350.0,109189.99,112163.95,7542.3316,1,111199.22,112761.22166666666,0.028822780139890324,0.029079084639966668
2025-09-29,112163.96,114400.0,111560.65,114311.96,15541.12005,0,111436.50142857143,112944.40933333334,0.025314280986513008,0.042578918979754965
2025-09-30,114311.97,114792.0,112656.27,114048.93,15044.15633,1,111729.37714285715,113137.82866666668,0.018683345234974044,0.04025216204371085
2025-10-01,114048.94,118649.1,113966.67,118594.99,20036.39516,1,112484.80428571429,113449.74766666668,0.04105632196143171,0.05733606920940293
2025-10-02,118594.99,121022.07,118279.31,120529.35,19670.83503,1,114132.64142857143,113759.39233333334,0.023127115234800467,0.054389671911845516
2025-10-03,120529.35,123894.99,119248.3,122232.0,23936.328,1,115931.00428571428,114110.26866666667,0.0385523526012544,0.07175051971114499
2025-10-04,122232.21,122800.0,121510.0,122391.0,8208.16678,1,117753.16857142858,114498.93966666666,0.010553683026757021,0.03200818179587506
2025-10-05,122390.99,125708.42,122136.0,123482.31,22043.097553,1,119370.07714285715,114926.35033333334,0.029188586512781684,0.02449992470713558
2025-10-06,123482.32,126199.63,123084.0,124658.54,19494.628793,0,120848.16,115408.70266666666,0.025231385351360457,0.01985192093723409
2025-10-07,124658.54,125126.0,120574.94,121332.95,21633.99385,1,121888.73428571426,115748.55633333333,0.03650820874366087,-0.008644834996037298
2025-10-08,121332.96,124197.25,121066.14,123306.0,17012.618,0,122561.7357142857,116123.24866666667,0.025805931051216424,-0.0014278158547568198
2025-10-09,123306.01,123762.94,119651.47,121662.4,21559.36007,0,122723.59999999999,116460.449,0.033343630209103366,-0.02403477531503262
2025-10-10,121662.41,122550.0,102000.0,112774.5,64171.93927,0,121372.52857142857,116420.93233333333,0.1689100191258746,-0.07053689867426782
2025-10-11,112774.49,113322.39,109561.59,110644.4,35448.51652,1,119694.44285714286,116259.656,0.03334796725748884,-0.10268437870014435
2025-10-12,110644.4,115770.0,109565.06,114958.8,32255.30272,1,118476.79857142859,116223.96866666667,0.05608001850974837,-0.05510001446626067
2025-10-13,114958.81,115963.81,113616.5,115166.0,22557.24033,0,117120.72142857143,116198.89233333334,0.020418704751728012,0.02120603505225027
2025-10-14,115166.0,115409.96,109866.0,113028.14,31870.32974,0,115934.31999999999,116124.23,0.0481388604275568,0.021544154064733645
2025-10-15,113028.13,113612.35,110164.0,110763.28,22986.48811,0,114142.50285714286,115971.34899999999,0.030508776885895622,-0.03649585764639163
2025-10-16,110763.28,111982.45,107427.0,108194.28,29857.17252,0,112218.48571428572,115684.85966666667,0.04112779975457568,-0.060536269385061625
2025-10-17,108194.27,109240.0,103528.23,106431.68,37920.66838,1,111312.36857142858,115350.996,0.05279179756931678,-0.058361218719515384
2025-10-18,106431.68,107499.0,106322.2,107185.01,11123.18766,1,110818.17,115021.37866666666,0.011056858258744041,-0.032305561915465186
2025-10-19,107185.0,109450.07,106103.36,108642.78,15480.66423,1,109915.88142857142,114788.39199999999,0.031223678686383417,0.004145320806238528
2025-10-20,108642.77,111705.56,107402.52,110532.09,19193.4416,0,109253.89428571427,114616.60733333333,0.039607237554786144,0.03852621700606429
2025-10-21,110532.09,114000.0,107473.72,108297.67,37228.01659,0,108578.11285714284,114385.45333333334,0.05904421059983575,0.010380742605705873
2025-10-22,108297.66,109163.88,106666.69,107567.44,28610.78451,1,108121.56428571428,114216.00166666668,0.023058577627623738,-0.009897942596829634
2025-10-23,107567.45,111293.61,107500.0,110078.18,17573.09294,1,108390.69285714286,114151.98099999999,0.03526726718909857,-0.004106590221898521
2025-10-24,110078.19,112104.98,109700.01,111004.89,15005.16913,1,109044.00857142857,114075.24399999999,0.02184783379886607,0.024997952402854073
2025-10-25,111004.9,111943.19,110672.86,111646.27,6407.96864,1,109681.33142857144,114163.63666666667,0.011443909232835683,0.03791881632583238
2025-10-26,111646.27,115466.8,111260.45,114559.4,13454.47737,0,110526.56285714285,114327.50133333333,0.0376756876875511,0.04070943033396812
2025-10-27,114559.41,116400.0,113830.01,114107.65,21450.23241,0,111037.35714285714,114476.56133333333,0.022433687463997983,0.027951561413195325
2025-10-28,114107.65,116086.0,112211.0,112898.45,15523.42257,0,111694.61142857143,114501.04466666667,0.03395916049449796,0.011215600843628604
2025-10-29,112898.44,113643.73,109200.0,110021.29,21079.71376,0,112045.16142857143,114358.02233333333,0.03936041986054011,-0.039613597836580805
2025-10-30,110021.3,111592.0,106304.34,108322.88,25988.82838,1,111794.40428571428,114167.154,0.04806033013607368,-0.05069572460742111
2025-10-31,108322.87,111190.0,108275.28,109608.01,21518.20439,1,111594.84999999999,113867.588,0.026907706562796955,-0.029145129981855367
2025-11-01,109608.01,110564.49,109394.81,110098.1,7378.50431,1,111373.68285714285,113519.87966666667,0.010671482859692532,0.0006981376059125299
2025-11-02,110098.1,111250.01,109471.34,110540.68,12107.00087,0,110799.57999999999,113130.169,0.016155319664916998,0.020473975581151382
2025-11-03,110540.69,110750.0,105306.56,106583.04,28681.18779,0,109724.6357142857,112603.237,0.0492437671594053,-0.027598074264827965
2025-11-04,106583.05,107299.0,98944.36,101497.22,50534.87376,1,108095.88857142857,111870.40066666667,0.07838619743007917,-0.0781201492123843
2025-11-05,101497.23,104534.74,98966.8,103885.16,33778.77571,0,107219.29857142859,111177.95466666666,0.05485804883542145,-0.06020878467546964
2025-11-06,103885.16,104200.0,100300.95,101346.04,25814.62139,1,106222.60714285714,110511.72433333333,0.037532309715843946,-0.04913539715136672
2025-11-07,101346.04,104096.36,99260.86,103339.08,32059.50942,0,105327.04571428572,109846.16033333333,0.04771276707012924,0.018146900969307378
2025-11-08,103339.09,103406.22,101454.0,102312.94,12390.77985,1,104214.88,109201.17833333333,0.018891399179148966,-0.015134211662185426
2025-11-09,102312.95,105495.62,101400.0,104722.96,16338.97096,1,103383.77714285713,108932.79366666665,0.04003031874264201,0.03332069018187611
2025-11-10,104722.95,106670.11,104265.02,106011.13,22682.25673,0,103302.0757142857,108778.35133333334,0.022966217051754143,0.025857110398118444
2025-11-11,106011.13,107500.0,102476.09,103058.99,24196.50718,0,103525.18571428572,108381.691,0.04739040136634713,0.007291844022857763
2025-11-12,103059.0,105333.33,100813.59,101654.37,20457.63906,0,103206.50142857143,107931.30333333333,0.043855849561901486,-0.02930197924122857
2025-11-13,101654.37,104085.01,98000.4,99692.02,36198.50771,0,102970.21285714286,107486.766,0.05985586256645928,-0.05960798644444221
2025-11-14,99692.03,99866.02,94012.45,94594.0,47288.14481,1,101720.9157142857,106947.79000000001,0.058716529295270714,-0.08213732736949975
2025-11-15,94594.0,96846.68,94558.49,95596.24,15110.89391,0,100761.38714285714,106527.85533333333,0.024189589191703362,-0.0595953720435235
2025-11-16,95596.23,96635.11,93005.55,94261.44,23889.4051,0,99266.88428571429,106122.18066666667,0.03796760604471534,-0.05447356769378331
2025-11-17,94261.45,96043.0,91220.0,92215.14,39218.59806,1,97296.02857142859,105623.185,0.051166197846521565,-0.025148106645241808
2025-11-18,92215.14,93836.01,89253.78,92960.83,39835.14769,0,95853.43428571428,105100.45333333334,0.049690647327542914,-0.027568134478929363
2025-11-19,92960.83,92980.22,88608.0,91554.96,32286.6376,0,94410.66142857143,104467.88233333333,0.04703292773956516,-0.028712483068368155
2025-11-20,91554.96,93160.0,86100.0,86637.23,39733.19073,0,92545.69142857144,103745.86766666666,0.0771121520887563,-0.0604880066331841
2025-11-21,86637.22,87498.94,80600.0,85129.43,72256.12679,0,91193.61,102997.934,0.07963020974126366,-0.08424408430948827
2025-11-22,85129.42,85620.0,83500.0,84739.74,14193.93263,1,89642.68142857144,102153.31933333333,0.024903259061320987,-0.07443856673630789
2025-11-23,84739.75,88127.64,84667.57,86830.0,19734.46418,1,88581.04714285713,101347.48966666666,0.04083172301074752,0.002225024969057854
2025-11-24,86830.0,89228.0,85272.0,88300.01,24663.12795,0,88021.74285714285,100569.281,0.045560290222273404,0.037244229169630216
2025-11-25,88300.01,88519.99,86116.0,87369.96,19567.0411,1,87223.04714285715,99662.96633333334,0.02722525172986963,0.031038801865570953
2025-11-26,87369.97,90656.08,86306.77,90484.02,21675.82239,1,87070.05571428571,98875.512,0.04978037648404821,0.04208245997926996
2025-11-27,90484.01,91950.0,90089.91,91333.95,16833.50932,0,87741.0157142857,98156.69533333332,0.020557112798161758,0.03435945250742334
2025-11-28,91333.94,93092.0,90180.63,90890.7,18830.86012,0,88564.05428571429,97519.009,0.03187610213683977,0.04029691669768409
2025-11-29,90890.71,91165.65,90155.47,90802.44,7429.88291,0,89430.15428571428,96934.99433333334,0.011114227185594577,0.0035190744177810984
2025-11-30,90802.44,92000.01,90336.9,90360.0,9687.74175,0,89934.43999999999,96293.394,0.018315697243378046,-0.010663614132532251
2025-12-01,90360.01,90417.0,83822.76,86286.01,34509.01227,1,89646.72571428571,95499.65766666667,0.07297741556248175,-0.05066183889000753
2025-12-02,86286.01,92307.65,86184.39,91277.88,28210.22732,1,90205.0,94857.56433333334,0.07096469056803062,0.005235982645400261
2025-12-03,91277.88,94150.0,90990.23,93429.95,25712.52585,0,90625.84714285714,94419.128,0.03461703974719838,0.03397465692784407
2025-12-04,93429.95,94080.0,90889.0,92078.06,19803.94059,0,90732.14857142858,94105.15599999999,0.03415393029751167,0.06712617723313441
2025-12-05,92078.06,92692.36,88056.0,89330.04,19792.97218,0,90509.19714285714,93619.98533333333,0.050352494394430125,-0.02133967178028251
2025-12-06,89330.04,90289.97,88908.01,89236.79,8409.50016,1,90285.53285714285,93216.34366666667,0.015470271814498308,-0.04488025520724359
2025-12-07,89236.8,91760.0,87719.28,90395.31,13021.11185,1,90290.57714285715,92784.88466666666,0.04528087067218906,-0.018275254713229216
2025-12-08,90395.32,92287.15,89612.0,90634.34,15793.63887,1,90911.76714285715,92395.598,0.029593899330186496,0.01460091140673403
2025-12-09,90634.35,94588.99,89500.0,92678.8,21240.43014,0,91111.89857142858,91994.126,0.05614857942932238,0.03857164741134245
2025-12-10,92678.81,94476.0,91563.15,92015.37,18998.68083,1,90909.81571428572,91527.60066666665,0.03142951447045993,0.017921947499267343
2025-12-11,92015.38,93555.0,89260.63,92513.38,19972.58758,0,90972.00428571428,91176.08033333333,0.046670132753893916,0.0207320977898664
2025-12-12,92513.38,92754.0,89480.0,90268.42,16679.19169,0,91106.05857142856,90796.54866666667,0.03538947555477921,-0.02600788961445344
2025-12-13,90268.43,90634.55,89766.39,90240.01,5895.70788,0,91249.37571428572,90481.48166666666,0.009617537382670814,-0.019294167919989946
2025-12-14,90240.0,90472.4,87577.36,88172.17,9416.94004,0,90931.78428571428,90267.42066666667,0.032081560283687874,-0.04692521233144875
2025-12-15,88172.16,90052.64,85146.64,86432.08,19778.6919,1,90331.46142857142,89961.94866666666,0.055641145685894504,-0.0424992483528569
2025-12-16,86432.08,88175.98,85266.0,87863.42,18456.05017,0,89643.55,89748.68133333334,0.033667823335965026,-0.026336322436134485
2025-12-17,87863.43,90365.85,85314.0,86243.22,19834.11729,0,88818.95714285714,89549.61733333333,0.05749661719329653,-0.021877084345321207
2025-12-18,86243.23,89477.61,84450.01,85516.41,25405.41763,1,87819.39,89301.47,0.0582955902741584,-0.010594098857738876
2025-12-19,85516.41,89399.97,85110.24,88136.94,21256.65004,1,87514.89285714286,89187.53600000001,0.05016265299256594,0.0031130133564116758
2025-12-20,88136.95,88573.07,87795.76,88360.9,5123.13194,1,87246.44857142857,89244.99166666667,0.008819343079151392,0.024554741810428604
2025-12-21,88360.91,89081.77,87600.04,88658.86,7132.87258,0,87315.97571428571,89362.63933333333,0.016769066773984223,0.03674674837262226
2025-12-22,88658.87,90588.23,87900.0,88620.79,14673.2197,0,87628.64857142858,89492.00766666667,0.03032104965921623,0.0054897526508179695
2025-12-23,88620.79,88940.0,86601.9,87486.0,13910.32904,1,87574.73142857142,89513.87433333333,0.02638319969840041,-0.009901438305856991
2025-12-24,87486.0,88049.89,86420.0,87669.45,9140.8432,0,87778.47857142857,89492.85566666667,0.01863029513293555,-0.011159741959235747
2025-12-25,87669.44,88592.74,86934.72,87225.27,7096.58235,1,88022.60142857142,89488.03266666667,0.018912177379027447,-0.015747095010098522
2025-12-26,87225.27,89567.75,86655.08,87369.56,18344.61505,1,87912.97571428573,89384.21733333333,0.033392501966459924,-0.001330955810072476
2025-12-27,87369.56,87984.0,87253.05,87877.01,4469.55156,1,87843.84857142856,89268.986,0.008366186117911057,0.0023675293959297683
2025-12-28,87877.0,88088.75,87435.0,87952.71,4446.29285,0,87742.97,89171.053,0.007439375490742743,0.008339785018722345
2025-12-29,87952.71,90406.08,86806.5,87237.13,19894.98575,1,87545.30428571429,89052.20933333335,0.04092631142349112,-0.001515745300766036
2025-12-30,87237.13,89400.0,86845.66,88485.49,13105.91001,0,87688.08857142857,88989.72566666667,0.02928042222388559,0.006924222842811911
2025-12-31,88485.5,89200.0,87250.0,87648.22,11558.62047,1,87685.05571428571,89035.13266666667,0.022037508970396278,-0.0034619740540116073
2026-01-01,87648.21,88919.45,87550.43,88839.04,6279.57133,1,87915.5942857143,88953.83799999999,0.015619486125272882,0.01836270863106093
2026-01-02,88839.05,90961.81,88379.88,89995.13,17396.97301,1,88290.67571428572,88839.34400000001,0.02906300776516625,0.017060876308646833
2026-01-03,89995.14,90741.16,89314.01,90628.01,7057.46716,1,88683.67571428572,88791.009,0.015858078558464477,0.03399715362160238
2026-01-04,90628.01,91810.0,90628.0,91529.73,10426.5297,1,89194.67857142857,88864.332,0.01304232543559105,0.030287247588447697
2026-01-05,91529.74,94789.08,91514.81,93859.71,20673.59584,0,90140.76142857142,89018.42933333333,0.035772744465350864,0.042942101422599244
2026-01-06,93859.71,94444.44,91262.94,93747.97,18546.41829,0,90892.54428571428,89130.18466666667,0.03389633315508859,0.03442600140949814
2026-01-07,93747.97,93747.97,90675.52,91364.16,14276.49025,0,91423.39285714286,89154.51200000002,0.03277350965572905,-0.001808920445848461
2026-01-08,91364.16,91687.99,89311.0,91099.99,16132.79117,0,91746.3857142857,89101.885,0.026016656859757757,-0.029402605228590617
2026-01-09,91100.0,92082.55,89694.66,90641.28,15590.27939,0,91838.69285714286,89056.08200000001,0.02621174533479692,-0.03313874423094176
2026-01-10,90641.27,90832.0,90404.0,90504.7,3104.11722,1,91821.07714285713,88989.12599999999,0.004721910891142633,-0.00940697096104215
2026-01-11,90504.7,91283.89,90236.0,91013.65,5477.13594,1,91747.35142857142,89013.96699999999,0.01157829372397234,-0.0009477498296104336
2026-01-12,91013.66,92519.95,90128.44,91296.2,16188.08268,1,91381.1357142857,89049.17333333334,0.02627638532501599,0.007225405466471768
2026-01-13,91296.2,96495.0,91042.66,95414.0,23021.51482,1,91619.14,89290.56766666667,0.059721434188936634,0.054243591769267185
2026-01-14,95413.99,97924.49,94559.28,96951.78,22851.89428,0,92417.37142857142,89641.22433333333,0.03526956581524372,0.065244389165801
2026-01-15,96951.78,97193.34,95134.48,95604.8,21725.81369,0,93060.91571428571,89899.27033333333,0.021235917483928616,0.04719364004197324
2026-01-16,95604.81,95871.47,94293.46,95550.94,11167.7146,0,93762.2957142857,90209.52766666668,0.016505550296057225,0.0014352191502295941
2026-01-17,95550.94,95639.45,95021.67,95147.77,4280.80137,0,94425.59142857142,90530.573,0.006465451831243092,-0.018607291170930518
2026-01-18,95147.77,95531.12,93615.4,93673.14,6895.17819,0,94805.51857142858,90715.113,0.020134155535121854,-0.020204634076950168
2026-01-19,93673.14,93673.14,91910.2,92631.0,14295.52747,0,94996.20428571428,90857.44966666667,0.018820122822828425,-0.030558987698080187
2026-01-20,92630.99,92870.0,87895.98,88427.66,22007.3261,1,93998.1557142857,90849.743,0.05369714822220947,-0.07062813978719629
2026-01-21,88427.66,90574.0,87263.53,89454.73,20617.50372,1,92927.14857142858,90877.541,0.037437041758201006,-0.04503329342861784
2026-01-22,89454.73,90359.99,88515.37,89559.67,10825.50492,1,92063.55857142857,90946.66333333333,0.020620709491829106,-0.033156610637907424
2026-01-23,89559.68,91224.99,88578.36,89600.26,13918.48919,0,91213.46142857142,91011.02366666666,0.029551579460757395,0.013260556708161175
2026-01-24,89600.26,89957.39,89162.08,89225.34,4226.56737,0,90367.40000000001,91077.69266666665,0.00887620192173547,-0.0025643138154908263
2026-01-25,89225.34,89319.13,86074.72,86670.36,14426.22019,1,89367.00285714286,91054.386,0.03636197967976366,-0.03226128457150412
2026-01-26,86670.36,88860.0,86509.63,88347.08,17766.51453,1,88755.01428571428,91070.055,0.02711849818092362,-0.013986343343200036
2026-01-27,88347.08,89523.16,87304.33,89250.0,13125.40425,1,88872.49142857142,91113.298,0.02511492173821706,0.00027637888519116416
2026-01-28,89249.99,90600.0,88833.65,89299.99,14332.18502,0,88850.3857142857,91182.06,0.019791038632049212,0.030340591639402392
2026-01-29,89300.0,89348.0,83383.33,84650.16,30431.38201,0,88149.02714285713,91054.21566666667,0.06679361702127658,-0.04184541243468376
2026-01-30,84650.16,84735.75,81118.0,84260.49,35195.84793,0,87386.20285714285,90941.29133333333,0.04273766287033598,-0.05590487394957977
2026-01-31,84260.5,84270.02,75719.9,78741.09,39491.89133,0,85888.45285714285,90604.693,0.10147245743853893,-0.11824077471901184
2026-02-01,78741.1,79424.0,75700.0,76968.21,25395.48168,1,84502.43142857144,90170.46233333334,0.04729423388802036,-0.09074938547074218
2026-02-02,76968.22,79360.0,74604.0,78738.61,42273.59016,0,83129.79285714286,89774.149,0.06179173690128211,-0.06553344277964679
2026-02-03,78738.6,79186.81,72945.5,75770.21,39120.10889,0,81204.10857142857,89248.83166666668,0.0792662048855326,-0.03772972916681738
2026-02-04,75770.21,76971.52,71888.0,73165.83,38375.36,0,78899.22857142857,88559.03566666668,0.06709127505387676,-0.04940195439130002
2026-02-05,73165.84,73341.18,62345.0,62909.86,106298.82899,1,75793.47142857143,87531.09866666667,0.15029117413262794,-0.2010290758244272
2026-02-06,62909.87,71751.33,60000.0,70580.26,92539.21531,0,73839.15285714286,86838.30199999998,0.18679628490728087,-0.06849591679896372
2026-02-07,70580.26,71690.07,67300.0,69289.38,44255.48036,1,72488.90857142858,86111.28166666668,0.06219968586117432,-0.05298169924403229
2026-02-08,69289.37,72271.41,68888.0,70330.38,21420.53168,0,71540.64714285715,85434.25166666666,0.048830145230069254,0.11795480072599118
2026-02-09,70330.38,71453.53,68308.0,70138.0,29152.72842,0,70311.98857142858,84755.36166666666,0.04472505338375818,-0.006266057960115146
2026-02-10,70138.0,70527.59,67800.0,68841.29,20373.77072,0,69322.14285714286,84016.28300000001,0.038888904730673766,-0.006466936202921825
2026-02-11,68841.28,69292.88,65756.0,67082.52,28718.24602,0,68453.09857142858,83209.16033333333,0.05137731314699559,-0.04618004338949966
2026-02-12,67082.52,68410.52,65118.0,66272.17,24271.74283,1,68933.42857142857,82237.766,0.049081638555021546,-0.05511748267700822
2026-02-13,66272.17,69482.97,65872.46,68853.96,20244.54955,1,68686.81428571428,81301.172,0.054480032870509516,0.00018404652208015015
2026-02-14,68853.97,70560.01,68730.13,69822.95,18114.78393,0,68763.03857142857,80441.777,0.02657624534939656,0.04085162572902745
2026-02-15,69822.94,70983.0,68000.0,68832.58,22290.05208,1,68549.06714285715,79551.16500000001,0.04272234884409049,0.03863476931568721
2026-02-16,68832.59,70126.67,67294.11,68892.43,15515.76534,0,68371.12857142856,78675.987,0.04115143713174236,0.0005587187723115061
2026-02-17,68892.43,69241.5,66621.06,67503.52,16489.06921,0,68180.01857142858,77803.66633333333,0.03803668995272779,-0.03321873395495312
2026-02-18,67503.52,68476.22,65870.0,66461.0,15492.43839,1,68091.23,76931.333,0.03860865329689475,-0.034454323810032994
2026-02-19,66461.0,67320.0,65631.83,67003.73,14542.26988,1,68195.73857142856,76217.202,0.025400911812942902,-0.027415203673320843
2026-02-20,67003.73,68318.39,66280.2,68020.01,35351.87091,0,68076.60285714285,75502.71133333334,0.030419052790046204,0.007651304702332329
2026-02-21,68020.0,68698.7,67534.69,67975.93,8032.84131,0,67812.74285714286,74783.25333333334,0.017112760952660906,0.022794270323949206
2026-02-22,67975.93,68245.0,67190.0,67643.4,8175.13484,0,67642.86,74051.358,0.015520199576526575,0.009546781947811
2026-02-23,67643.39,67684.86,63888.79,64656.02,33075.90923,0,67037.65857142858,73232.38066666666,0.05611886098553014,-0.04945588805411816
2026-02-24,64656.01,65026.75,62510.28,64058.15,23102.83622,1,66545.46285714286,72478.64033333333,0.03892089845940078,-0.05763481279329308
2026-02-25,64058.15,69988.83,63913.27,67988.04,30749.99259,0,66763.61142857143,71800.00566666666,0.0948444499255755,0.005094953831416005
2026-02-26,67988.04,68860.0,66500.0,67485.18,20737.77792,0,66832.39,71074.51166666667,0.03471198757899184,0.04375710104024333
2026-02-27,67485.19,68216.8,64914.46,65872.1,21228.58424,1,66525.5457142857,70293.582,0.048934292101718964,0.028317239882825307
2026-02-28,65872.09,67760.0,63030.0,66973.26,22548.71649,0,66382.30714285714,69704.352,0.07180582853830811,-0.014925860489580223
2026-03-01,66973.26,68199.99,65056.0,65776.47,23201.85859,1,66115.60285714285,69088.21800000001,0.046943959425000445,-0.025319781320876533
2026-03-02,65776.48,70096.0,65259.21,68830.06,32010.38431,0,66711.89428571428,68757.85033333334,0.07353373120604814,0.04490459542051939
2026-03-03,68830.06,69258.08,66158.0,68338.0,24972.2418,1,67323.30142857143,68470.17666666667,0.04503962367605087,0.020377386437512524
2026-03-04,68338.01,74050.0,67400.0,72666.77,44919.0761,0,67991.69142857143,68267.78199999999,0.09731041334097965,0.10475326511136895
2026-03-05,72666.77,73558.15,70645.47,70890.72,26590.51253,0,68478.19714285714,68105.13233333333,0.04008269529524971,0.029938372856278317
2026-03-06,70891.02,71419.98,67744.78,68114.02,22629.88722,0,68798.47142857143,67936.73866666667,0.051842955567573956,-0.003277532266089067
2026-03-07,68114.02,68551.04,66915.26,67262.91,12719.54315,0,68839.85,68081.84033333333,0.02401532019399235,-0.07436494012325023
2026-03-08,67262.91,68200.0,65618.49,65971.2,21593.63901,1,68867.66857142857,67928.205,0.03837939809621669,-0.06939582501066432
2026-03-09,65971.2,69516.65,65821.97,68432.16,28896.7213,1,68810.8257142857,67899.63100000001,0.05600443830034914,0.004670697750624564
2026-03-10,68432.16,71777.0,68391.41,69948.63,32602.57726,1,69040.91571428571,67886.906,0.049473668520765623,0.039928691755976686
2026-03-11,69948.64,71321.0,68977.91,70191.86,27249.27542,1,68687.35714285714,67888.70133333333,0.03349729172718721,0.06397731131160267
2026-03-12,70191.86,70800.0,69205.91,70541.34,21997.1605,1,68637.44571428571,67945.36966666667,0.022710468136903573,0.030821473412500744
2026-03-13,70541.34,73913.74,70386.01,70930.0,35996.61678,1,69039.72857142857,68073.61899999999,0.050009398744055765,0.01402986734693723
2026-03-14,70930.01,71307.92,70317.0,71211.95,13017.24737,1,69603.87714285715,68238.27833333334,0.01397039137594931,0.014532881733009928
2026-03-15,71211.95,73199.0,70858.82,72815.24,14037.30704,1,70581.59714285714,68370.32100000001,0.032862181136733275,0.032234998654689706
2026-03-16,72815.25,74909.08,72270.41,74884.67,28409.53019,0,71503.38428571429,68539.045,0.03623787599438302,0.055754546736218824
2026-03-17,74884.67,76000.0,73399.19,73909.36,24521.26636,0,72069.20285714287,68708.271,0.03473087348852572,0.03787861447411567
2026-03-18,73909.37,74672.34,70500.0,71246.54,23392.88093,0,72219.87142857144,68786.74133333334,0.05645211155229705,-0.02154356697856119
2026-03-19,71246.55,71613.79,68793.35,69930.0,22364.81819,1,72132.53714285714,68867.624,0.03958703965314794,-0.06616400926918686
2026-03-20,69930.01,71367.0,69388.0,70510.73,18121.16745,0,72072.64142857143,69002.615,0.028299724252863687,-0.04598375631990326
2026-03-21,70510.73,71100.94,68571.42,68918.12,13397.1675,0,71744.95142857142,69066.428,0.03587425630113324,-0.03268116599065718
2026-03-22,68918.12,69588.79,67360.66,67859.0,14843.78682,1,71036.91714285714,69061.061,0.032330104187403695,-0.029615329615329644
2026-03-23,67859.0,71817.09,67445.18,70906.45,28335.09119,0,70468.6,69158.745,0.06442638412001361,0.0056121954771990445
2026-03-24,70906.45,71400.0,68923.07,70556.74,20702.42244,1,69989.65428571428,69255.85633333333,0.03493236510923891,0.02377633052091399
2026-03-25,70556.74,72026.09,70408.0,71336.53,17719.50066,0,70002.51,69478.54,0.022933174066715616,0.05124640799304436
2026-03-26,71336.53,71436.82,68153.0,68820.31,20820.45768,0,69843.98285714285,69637.27866666667,0.046032796941482955,-0.0294210188212779
2026-03-27,68820.31,69179.05,65548.25,66407.28,28603.69557,0,69257.77571428572,69584.58666666667,0.052757681562317915,-0.05881025682309027
2026-03-28,66407.28,67288.94,65932.09,66377.03,11462.39847,0,68894.76285714285,69547.64833333335,0.020432247789700254,-0.06952258541311163
2026-03-29,66377.04,67130.5,65000.0,66010.93,10052.85584,1,68630.75285714286,69552.276,0.032096941954627686,-0.040821960842664096
2026-03-30,66010.93,68169.65,65800.59,66797.37,18353.38975,1,68043.74142857142,69546.413,0.035888905064661226,0.005874205358207707
2026-03-31,66797.38,68589.49,65998.05,68284.48,22105.40662,0,67719.13285714286,69630.01333333334,0.038795533597275854,0.028736597585037993
2026-04-01,68284.49,69310.0,67578.75,68113.92,19020.1899,0,67258.76,69606.142,0.02535348803220175,0.031858208936005106
2026-04-02,68113.92,68653.38,65712.12,66901.99,20203.47916,1,66984.71428571429,69558.275,0.04318148184688254,0.0015662293290890084
2026-04-03,66901.99,67370.42,66282.0,66964.3,11429.13131,1,67064.28857142858,69368.19266666665,0.016268873317520124,-0.01933352937592836
2026-04-04,66964.29,67562.93,66775.91,67300.42,7373.51613,1,67196.20142857142,69248.516,0.011752831247818644,-0.011943226876385937
2026-04-05,67300.42,69136.2,66611.66,69034.18,11733.46752,0,67628.09428571428,69279.188,0.03751150438585664,0.03187035243645209
2026-04-06,69034.18,70351.46,68300.0,68853.66,20281.61044,1,67921.85,69332.213,0.02971658387193136,0.028214436647586938
2026-04-07,68853.66,72761.0,67732.01,71924.22,23750.49661,0,68441.81285714285,69530.64700000001,0.07303881885145982,0.06870388030267871
2026-04-08,71924.22,72857.0,70707.23,71069.93,19802.68627,1,68864.1,69618.57266666666,0.029889375234100613,0.02948901544133653
2026-04-09,71069.93,73145.0,70466.0,71787.97,18158.42159,1,69562.09714285714,69679.884,0.037695267182618585,0.042616616168261734
2026-04-10,71787.98,73434.0,71426.15,72962.7,17372.63288,1,70419.01142857144,69772.24533333333,0.02796916698310784,0.014438529886038332
2026-04-11,72962.71,73790.0,72513.09,73043.16,9070.94374,0,71239.40285714285,69855.63933333334,0.017500857629877006,0.02776462562999593
2026-04-12,73043.16,73137.24,70505.88,70740.98,13472.46801,1,71483.23142857142,69849.33866666668,0.03602472839345944,-0.014584477037030141
2026-04-13,70741.56,74900.0,70566.99,74417.99,24230.21625,0,72278.13571428572,69956.20666666665,0.061251264461795796,0.019945670870184395
2026-04-14,74418.0,76038.0,73795.47,74131.55,26532.94456,1,72593.46857142857,70000.08366666666,0.030134241715713925,0.014900642305179623
2026-04-15,74131.55,75425.0,73514.0,74809.99,14425.04167,1,73127.76285714285,69997.59433333334,0.02577849781907973,0.057519842105665075
2026-04-16,74809.99,75534.76,73309.85,75154.29,17088.68777,1,73608.66571428571,70039.092,0.02974081402764509,0.009894112969189184
2026-04-17,75154.28,78333.0,74529.4,77072.0,25941.36694,0,74195.70857142858,70233.274,0.05061055737610694,0.039665297703879165
2026-04-18,77072.01,77420.08,75445.16,75691.76,9141.84456,0,74574.08,70425.33266666667,0.02562434793123987,0.011786794785027865
2026-04-19,75691.76,76240.66,73762.9,73801.79,11369.82232,1,75011.33857142857,70535.03466666667,0.032734871008416364,-0.017996311321682334
2026-04-20,73801.8,76558.62,73724.31,75840.97,16993.41034,1,75214.62142857142,70765.79633333333,0.03840434786143424,-0.01597246730330082
2026-04-21,75840.97,76927.57,74821.57,76336.15,14912.57132,1,75529.56428571428,71048.368,0.027768632178623243,0.008513344120945288
2026-04-22,76336.14,79472.82,76132.95,78178.23,19737.51225,1,76010.74142857142,71290.76066666665,0.043752146755128174,0.05929991670933732
2026-04-23,78178.22,78662.5,76960.0,78257.48,16970.79501,0,76454.05428571429,71547.452,0.021777165046735523,0.03186285723929938
2026-04-24,78257.48,78581.93,77264.08,77437.13,12675.14315,1,76506.21571428572,71750.80533333334,0.01683992380025515,0.014422786582765967
2026-04-25,77437.13,77885.35,77140.23,77625.0,5685.1142,1,76782.39285714286,72044.295,0.009622257436452123,-0.007076522453885126
2026-04-26,77625.0,78961.0,77326.51,78657.55,7963.56162,0,77476.07285714286,72452.63733333333,0.02105623188405804,0.005112226971786038
2026-04-27,78657.55,79485.66,76459.64,77371.32,16046.92418,0,77694.69428571429,72819.11366666667,0.03847081430835316,-0.0008498507111510678
2026-04-28,77371.32,77478.0,75666.6,76342.77,13210.72383,0,77695.64,73163.50833333333,0.023411775836317567,-0.016518260869565204
2026-04-29,76342.78,77904.93,74937.52,75780.0,18279.93022,1,77353.03571428571,73462.92933333333,0.03886955649244092,-0.03658326505211518
2026-04-30,75780.0,76669.14,75323.65,76346.57,10381.81607,1,77080.04857142859,73731.66566666665,0.017755212457112764,-0.013244571761215962
2026-05-01,76346.58,78914.12,76320.42,78231.13,17315.46502,1,77193.47714285715,74068.90599999999,0.03397270709441074,0.024735282725528496
2026-05-02,78231.13,79199.48,78040.0,78686.85,6150.87642,0,77345.17000000001,74461.73466666667,0.014821209919887337,0.03835906571654801
2026-05-03,78686.84,79447.0,78084.08,78568.57,7425.7929,1,77332.45857142856,74848.54366666666,0.017320812476393745,0.02910412347273761
2026-05-04,78568.58,80776.99,78202.0,79861.01,26042.96135,1,77688.12857142858,75267.23,0.032773788198794035,0.02083416154157547
2026-05-05,79861.01,81791.48,79808.72,80905.52,16947.17995,1,78339.95,75662.94133333332,0.024827634912205528,0.028196197967004677
2026-05-06,80905.53,82850.0,80731.14,81447.01,18798.77396,0,79149.52285714286,76082.71966666667,0.0261893099272695,0.03663602379424735
2026-05-07,81447.01,81708.32,79500.0,80006.0,16154.80338,1,79672.29857142859,76352.11233333334,0.027113579737304133,0.001815529255139614
2026-05-08,80006.0,80500.0,79181.48,80193.17,16001.31009,1,79952.59,76656.22033333335,0.016480263980201536,-0.008804714437284478
2026-05-09,80193.18,81080.0,80129.85,80678.4,7548.42177,1,80237.09714285714,76952.568,0.0118482644035315,-0.009436933289509342
2026-05-10,80678.41,82479.32,80279.77,82210.07,12034.31882,0,80757.31142857143,77260.81366666665,0.02726317982716817,0.02754880883933719
2026-05-11,82210.07,82380.0,80462.97,81745.65,12951.76056,0,81026.5457142857,77550.89666666667,0.023318676167043754,0.019359254659717218
2026-05-12,81745.66,81788.0,79843.59,80504.47,12386.25676,0,80969.25285714286,77876.34633333333,0.023786094576764116,-0.002155843447564587
2026-05-13,80504.47,81324.64,78754.65,79313.61,14810.05643,1,80664.48142857142,78039.53366666666,0.0319235689645557,-0.035232423473182894
2026-05-14,79313.61,82048.13,78922.0,81089.99,19727.86807,0,80819.33714285714,78271.48166666667,0.03941479904899051,-0.008020732601673464
2026-05-15,81090.0,81664.45,78659.0,79113.21,17351.27079,0,80665.05714285714,78414.92233333334,0.03706313972129729,-0.01728177329780567
2026-05-16,79113.2,79227.77,77640.0,78148.05,12132.86192,0,80303.57857142857,78514.71433333332,0.020069596476947008,-0.01469558629344947
2026-05-17,78148.05,78599.99,76735.16,77457.67,8442.7022,0,79624.66428571429,78527.56999999999,0.023862783524348997,-0.044793691551818005
2026-05-18,77457.67,77800.0,76051.0,77001.87,18745.51678,0,78946.98142857142,78571.24033333334,0.0225800750267856,-0.026687578471408346
2026-05-19,77001.88,77414.62,76144.71,76834.36,11024.85978,1,78422.68000000001,78672.32600000002,0.016491935002106297,-0.016810272297261397
2026-05-20,76834.36,77853.04,76516.74,77552.23,11296.26307,1,78171.05428571429,78729.368,0.017391958493569653,0.001220795823060561
2026-05-21,77552.24,78200.0,76719.47,77615.52,11318.25841,0,77674.70142857144,78772.01366666667,0.01909074450976527,0.007969286979653933
2026-05-22,77615.52,77900.0,75359.18,75539.5,11272.36134,1,77164.17142857143,78684.05600000001,0.032735978577480465,-0.01685261645961522
2026-05-23,75539.5,77404.18,74289.6,76752.01,15086.88814,1,76964.73714285715,78633.87366666667,0.041231143971034855,-0.010318465374883456
2026-05-24,76752.0,77543.15,76108.0,77064.96,8398.00156,1,76908.6357142857,78621.46800000001,0.01869853554304766,-0.0070934266754896225
2026-05-25,77064.96,77905.52,76914.25,77322.01,7672.32197,0,76954.37,78611.36833333335,0.01286278485059882,0.02359705849257665
2026-05-26,77322.01,78080.0,75677.97,75930.01,16953.47629,0,76825.17714285714,78520.45033333333,0.0310652814121102,-0.010709817241268293
2026-05-27,75930.01,76174.15,74243.99,74449.3,16877.77483,0,76381.90142857144,78423.04966666666,0.025420252150631734,-0.03394097654757755
2026-05-28,74449.31,74590.77,72582.82,73617.51,21274.02026,0,75810.75714285714,78332.20766666667,0.026970699929925436,-0.047910032343960074
2026-05-29,73617.52,74514.1,72512.49,73460.78,18686.74141,1,75513.79714285713,78254.90033333332,0.02718931580417271,-0.03251981660479164
2026-05-30,73460.78,74143.76,73216.0,73884.38,7515.40909,0,75104.1357142857,78172.82733333335,0.012629324110089693,-0.007587982694263085
2026-05-31,73884.38,74275.66,73400.0,73674.39,6986.45707,0,74619.76857142858,78020.936,0.011851760818727903,0.0007726422694818158
2026-06-01,73674.39,74092.0,70686.68,71408.9,23921.09184,0,73775.03857142858,77778.33766666666,0.04622121744068742,-0.027931639168546907
2026-06-02,71408.9,71408.9,66193.0,66760.83,32858.19586,0,72465.1557142857,77384.74633333333,0.0730427159639764,-0.09641483084787339
2026-06-03,66760.84,67516.0,64092.49,64142.75,30138.3065,0,70992.79142857142,76860.80433333333,0.051280211573131826,-0.12937521437232125
2026-06-04,64142.75,64764.32,61383.56,63885.99,43577.17571,0,69602.57428571428,76293.48666666666,0.05270681409824184,-0.10534975332206487
2026-06-05,63885.99,63978.0,59130.91,61056.47,55027.28807,0,67830.53,75613.80199999998,0.07587093821352689,-0.08544471361425554
2026-06-06,61056.47,61530.05,59500.0,60884.62,19795.58877,1,65973.42142857143,74976.42266666665,0.033248728595020365,-0.05079498462413912
2026-06-07,60884.62,64234.68,60746.0,63332.01,26612.10443,0,64495.938571428575,74414.384,0.05729985667973291,-0.008671384759005751
2026-06-08,63332.01,64200.0,62408.0,63085.99,23053.38624,0,63306.95142857143,73827.97033333333,0.02829532806553905,0.03324004810628578
2026-06-09,63086.0,63526.01,60780.0,61730.0,21636.21959,0,62588.26142857143,73145.30133333334,0.04352804108677047,0.013884951569049786
2026-06-10,61730.0,62857.99,60755.0,61510.99,15998.71652,1,62212.29571428571,72470.81266666668,0.034067552243641636,-0.028753548166243315
2026-06-11,61510.99,63933.02,61510.99,63625.99,17380.94642,0,62175.15285714286,71908.19666666667,0.039375565244519704,0.008559745198577273
2026-06-12,63626.0,64394.44,62829.81,63580.01,16397.0524,1,62535.65857142857,71383.74333333333,0.02459104768490876,0.02996938279604744
2026-06-13,63580.0,64762.77,63418.66,64458.01,9960.74163,1,63046.142857142855,70829.344,0.021140452972632798,0.047910462829487965
2026-06-14,64458.01,65800.0,63678.83,65746.45,13203.03375,1,63391.06285714286,70383.78533333333,0.03290777980890192,0.033326947054183265
2026-06-15,65746.45,67292.15,65354.0,66328.74,18559.80102,0,63854.31285714286,69989.80833333333,0.029479158190290036,0.04323261352113672
2026-06-16,66328.74,66992.0,65360.92,65675.01,14302.05801,1,64417.885714285716,69597.053,0.024590848552226405,0.01888050841159994
2026-06-17,65675.02,66445.93,64565.0,65926.0,12619.79827,0,65048.601428571434,69227.85733333333,0.028639960825287802,0.0027309459294000415
